,Tata Open,Tata High,Tata Low,Tata Close,Tata Adj Close,Tata Volume
03-08-2023,3364,3396,3330.850098,3390.399902,3390.399902,1844590
03-06-2023,3361.899902,3404.949951,3359,3371.850098,3371.850098,1334132
03-03-2023,3354,3358,3331.100098,3342.149902,3342.149902,1043190
03-02-2023,3361,3369.899902,3318,3321.449951,3321.449951,1556538
03-01-2023,3323,3389,3315,3385.699951,3385.699951,1669307
2/28/2023,3328.5,3392,3299.899902,3312.850098,3312.850098,4116217
2/27/2023,3390,3390,3316,3331.850098,3331.850098,1128022
2/24/2023,3422.5,3433.949951,3382.300049,3400.449951,3400.449951,977592
2/23/2023,3421,3452.399902,3408,3413.800049,3413.800049,1441570
2/22/2023,3414.949951,3447,3395,3401.550049,3401.550049,1218430
2/21/2023,3494,3508.899902,3444.75,3451,3451,1139541
2/20/2023,3502,3522,3475.050049,3487.300049,3487.300049,1296082
2/17/2023,3526.149902,3538.899902,3490,3501.149902,3501.149902,1061369
2/16/2023,3527.199951,3575,3527,3558.050049,3558.050049,1618931
2/15/2023,3487,3526,3460.149902,3520.649902,3520.649902,1429449
2/14/2023,3505,3524.850098,3495,3500.100098,3500.100098,1579818
2/13/2023,3549,3549,3473.399902,3482.399902,3482.399902,1087939
02-10-2023,3520,3542.350098,3508.149902,3537.550049,3537.550049,1187821
02-09-2023,3515,3547.600098,3505.300049,3540.850098,3540.850098,1655427
02-08-2023,3478.050049,3539.899902,3478.050049,3520.100098,3520.100098,1986946
02-07-2023,3468.899902,3493,3461.399902,3472.550049,3472.550049,1455647
02-06-2023,3473.149902,3473.149902,3436.850098,3459.949951,3459.949951,1138714
02-03-2023,3504,3504,3452.899902,3482.300049,3482.300049,1804469
02-02-2023,3427,3469,3420.100098,3460.399902,3460.399902,1813847
02-01-2023,3363,3419,3355,3408.350098,3408.350098,2205161
1/31/2023,3449,3449,3351,3358.699951,3358.699951,2820375
1/30/2023,3420,3458.449951,3385.550049,3433.649902,3433.649902,1953798
1/27/2023,3426,3446,3382.300049,3411.050049,3411.050049,1785879
1/25/2023,3425.300049,3435,3405,3429.75,3429.75,874110
1/24/2023,3425,3451.949951,3417.300049,3436.300049,3436.300049,1387863
1/23/2023,3388,3419,3355.600098,3414.899902,3414.899902,1067916
1/20/2023,3365,3394.649902,3355.600098,3363.100098,3363.100098,1529349
1/19/2023,3380,3387,3361,3373.100098,3373.100098,1585044
1/18/2023,3380,3408.949951,3372.25,3390,3390,2421189
1/17/2023,3330,3381.800049,3321,3378.399902,3378.399902,1688475
1/16/2023,3317,3353,3298.050049,3334.050049,3334.050049,1843607
1/13/2023,3342.899902,3379,3305,3374.550049,3307.550049,1742837
01-12-2023,3329,3350,3315.550049,3334.350098,3268.148193,2250391
01-11-2023,3290.100098,3349.5,3271.149902,3328.699951,3262.610352,2720512
01-10-2023,3285,3298,3230.100098,3286.399902,3221.150146,3864655
01-09-2023,3229,3327,3221.149902,3319.949951,3254.033936,2885060
01-06-2023,3300,3301.550049,3200,3211.550049,3147.786377,2488376
01-05-2023,3330.199951,3337.300049,3281.949951,3311.100098,3245.359863,1826057
01-04-2023,3306.699951,3327.350098,3286.199951,3314.649902,3248.839111,1231668
01-03-2023,3252,3320,3245.300049,3311.350098,3245.60498,1245178
01-02-2023,3261,3266.850098,3235.199951,3261.449951,3196.695557,709547
12/30/2022,3286.050049,3299,3246.199951,3256.699951,3192.039795,1163131
12/29/2022,3231.100098,3271.5,3228,3268.75,3203.850586,1037927
12/28/2022,3249.800049,3266.100098,3226,3257.100098,3192.432129,910795
12/27/2022,3269.199951,3273.800049,3231.5,3259.5,3194.784424,835883
12/26/2022,3228.350098,3272,3225.050049,3252.899902,3188.315186,870157
12/23/2022,3217,3266.850098,3217,3228.350098,3164.25293,1360281
12/22/2022,3294,3294,3245.100098,3259.699951,3194.980225,1384101
12/21/2022,3249,3283.050049,3240,3268.550049,3203.654785,1432566
12/20/2022,3198.899902,3249,3163.649902,3243.949951,3179.542969,1529971
12/19/2022,3227,3245.5,3194.5,3202.050049,3138.475098,2120965
12/16/2022,3275,3292,3225.199951,3240.25,3175.916504,2703680
12/15/2022,3358.800049,3364.75,3298.949951,3305.100098,3239.479004,1415694
12/14/2022,3348.800049,3377,3340.899902,3365.350098,3298.532715,1213311
12/13/2022,3277.199951,3336.449951,3267.800049,3332.100098,3265.942871,1378016
12-12-2022,3255.5,3296,3236.100098,3286.449951,3221.199219,1527610
12-09-2022,3374.100098,3374.100098,3276.350098,3292.75,3227.374023,1797896
12-08-2022,3360,3380.600098,3339.449951,3350.550049,3284.026611,1285619
12-07-2022,3368.300049,3393.699951,3354,3380.600098,3313.47998,1167505
12-06-2022,3400.050049,3407.949951,3368,3385.350098,3318.135742,1166999
12-05-2022,3433,3439.149902,3407,3425.899902,3357.880371,1475065
12-02-2022,3458.100098,3468.899902,3413,3439.149902,3370.867432,2411749
12-01-2022,3425,3480,3420,3475.649902,3406.642578,2180856
11/30/2022,3383,3414.899902,3375,3390.800049,3323.477539,3410702
11/29/2022,3383,3429,3383,3397.350098,3329.897461,1576028
11/28/2022,3366,3417,3365.550049,3395.25,3327.839111,2195437
11/25/2022,3383,3403.350098,3348,3389.649902,3322.350098,1588981
11/24/2022,3316.25,3392.949951,3308.300049,3380.149902,3313.038818,1296591
11/23/2022,3330,3330,3291,3308.300049,3242.615479,1150011
11/22/2022,3280,3318.949951,3255.25,3314.949951,3249.133301,1149739
11/21/2022,3322.5,3333.699951,3273,3283.5,3218.307861,1304194
11/18/2022,3350,3362.75,3321,3343.449951,3277.067383,1164540
11/17/2022,3340,3360,3317.75,3349,3282.507324,1417986
11/16/2022,3338.899902,3367.899902,3321.449951,3355.350098,3288.731445,1748235
11/15/2022,3321,3339.949951,3292,3332.600098,3266.433105,1400708
11/14/2022,3324,3349,3309,3335.5,3269.275391,1342074
11-11-2022,3269.600098,3341.600098,3255.050049,3315.949951,3250.113525,3265394
11-10-2022,3170,3225,3170,3205.649902,3142.003418,1573092
11-09-2022,3249.800049,3249.800049,3201.649902,3216.050049,3152.197021,1162267
11-07-2022,3229,3242.800049,3195.100098,3233.699951,3169.496582,1474498
11-04-2022,3217,3220.050049,3166.149902,3217.399902,3153.52002,1464013
11-03-2022,3228.050049,3228.050049,3195,3206.75,3143.081543,1422652
11-02-2022,3270,3270,3222.050049,3241.699951,3177.337646,1405955
11-01-2022,3214.5,3262.600098,3203.449951,3259.699951,3194.980225,2991060
10/31/2022,3199,3199,3177.800049,3193.149902,3129.751465,1919414
10/28/2022,3150,3178.5,3145,3163.25,3100.445313,1355739
10/27/2022,3160.699951,3174,3134.350098,3157.399902,3094.711426,2438421
10/25/2022,3180.5,3184.25,3151.149902,3162.100098,3099.318115,2069643
10/24/2022,3170.100098,3178,3155,3161.699951,3098.926025,260949
10/21/2022,3157.800049,3160.399902,3127,3137.399902,3075.108398,1021913
10/20/2022,3105,3160,3105,3157.300049,3094.613525,1587601
10/19/2022,3159,3159,3112,3121.850098,3059.867432,1194289
10/18/2022,3150,3155.350098,3128.550049,3144.699951,3082.263672,1793722
10/17/2022,3072.649902,3128.399902,3071.449951,3111.75,3049.967773,1517005
10/14/2022,3145,3150,3071,3099.149902,3029.776611,2245977
10/13/2022,3100.75,3110,3052.350098,3103.300049,3033.833984,2054781
10-12-2022,3084.899902,3109.899902,3062.050049,3100.75,3031.341064,1665247
10-11-2022,3100,3145,3053.350098,3069.550049,3000.839355,4730645
10-10-2022,3010,3127,3005,3118.550049,3048.742676,3064063
10-07-2022,3097.399902,3105,3058.100098,3064.899902,2996.293457,1939879
10-06-2022,3111,3124,3092.449951,3101.949951,3032.513916,1790816
10-04-2022,3029.949951,3098,3023,3091.149902,3021.955811,2145875
10-03-2022,2995,3020.699951,2974,2984.949951,2918.133057,1763331
9/30/2022,2990.850098,3019.699951,2950.100098,3004.550049,2937.294434,2817353
9/29/2022,3054,3055.850098,2990,2997.300049,2930.206787,2493902
9/28/2022,2980,3049.949951,2980,3035.649902,2967.697998,2739767
9/27/2022,3009.399902,3025,2976,3017.449951,2949.905518,2227447
9/26/2022,2959.850098,3025.850098,2926.100098,2994.399902,2927.371338,2925489
9/23/2022,3004,3022.5,2979,2982.050049,2915.298096,2652374
9/22/2022,2990,3029.949951,2979.300049,3007.399902,2940.080566,2017983
9/21/2022,3028,3041.399902,2998.149902,3001.199951,2934.019531,2253818
9/20/2022,3050,3079.949951,3030,3040.300049,2972.244141,1544295
9/19/2022,3036,3042,2987.800049,3028.800049,2961.001709,2072220
9/16/2022,3076,3094.350098,3000,3008.699951,2941.351318,5322221
9/15/2022,3130,3137.75,3100,3104.350098,3034.860596,2138023
9/14/2022,3135,3141.399902,3113.800049,3120.399902,3050.551025,5090269
9/13/2022,3263.449951,3263.449951,3225,3229.350098,3157.062256,1972678
09-12-2022,3239.899902,3269.800049,3225,3242.949951,3170.35791,1785928
09-09-2022,3195,3233.5,3168.5,3217.649902,3145.624023,1561185
09-08-2022,3170,3183.5,3160.100098,3169.649902,3098.69873,1346113
09-07-2022,3102,3161.899902,3102,3149.600098,3079.097656,1291534
09-06-2022,3135.5,3140.850098,3106.350098,3127.050049,3057.052246,1936453
09-05-2022,3123.649902,3147.949951,3112.25,3133.399902,3063.26001,2147912
09-02-2022,3163,3163,3120.300049,3130.399902,3060.327393,2052900
09-01-2022,3190,3190,3121,3131.699951,3061.598145,3546935
8/30/2022,3155,3226.5,3142.100098,3211.149902,3139.269775,3431525
8/29/2022,3125,3142.699951,3081,3132.550049,3062.429199,2539173
8/26/2022,3234.300049,3257,3216.800049,3222.199951,3150.072266,1457962
8/25/2022,3276,3278.149902,3214.75,3218.199951,3146.161865,1946930
8/24/2022,3292,3308,3250.199951,3255.350098,3182.480225,1691923
8/23/2022,3319.949951,3341.899902,3270,3284.600098,3211.075684,1849256
8/22/2022,3365,3384.100098,3347.399902,3354.550049,3279.459961,1536532
8/19/2022,3387,3421.5,3371.25,3385.75,3309.961426,1398410
8/18/2022,3390,3392,3362,3381.25,3305.562012,1430659
8/17/2022,3385.100098,3417.949951,3371.100098,3401.100098,3324.967773,1622326
8/16/2022,3411,3414.850098,3387.5,3392.699951,3316.755615,839942
08-12-2022,3419,3419,3381.25,3401.550049,3325.407715,1472354
08-11-2022,3400,3428.699951,3375.050049,3422.5,3345.888672,1449248
08-10-2022,3385,3385,3335,3354.25,3279.166504,1878359
08-08-2022,3365,3378.899902,3336,3374.449951,3298.914307,1068836
08-05-2022,3361.199951,3377,3355,3365.050049,3289.724854,1106933
08-04-2022,3350,3387.899902,3307.350098,3354.949951,3279.850586,2150567
08-03-2022,3280,3349,3277.050049,3339.5,3264.746826,2895824
08-02-2022,3290,3312.899902,3271.649902,3291.800049,3218.114502,1269114
08-01-2022,3327,3327,3271,3298.800049,3224.957764,1306913
7/29/2022,3290,3317.300049,3275,3301.899902,3227.988281,2430257
7/28/2022,3216,3264,3201.649902,3260.5,3187.515137,2106333
7/27/2022,3115,3194.100098,3110,3188.850098,3117.468994,1389808
7/26/2022,3164.699951,3168.899902,3096.5,3115.899902,3046.151855,2639367
7/25/2022,3165,3186.449951,3149.100098,3166.75,3095.863525,1797504
7/22/2022,3185,3197,3143.5,3171,3100.018311,2075886
7/21/2022,3167,3184,3144.050049,3177.300049,3106.17749,2420640
7/20/2022,3107.800049,3171.949951,3098.050049,3164.800049,3093.957275,3402251
7/19/2022,3030.050049,3078.949951,3030.050049,3074.25,3005.434082,1865074
7/18/2022,3023,3076.949951,3014.300049,3063.5,2994.924805,3202795
7/15/2022,3018.550049,3028.899902,2953,2994.600098,2927.567139,4574806
7/14/2022,3056,3057,2967,2998.75,2931.624023,4764908
7/13/2022,3104,3110,3035,3038.75,2962.907959,3863530
07-12-2022,3114.899902,3136.199951,3080.25,3084.699951,3007.710938,3734815
07-11-2022,3206.149902,3225,3106,3113.800049,3036.084717,6974600
07-08-2022,3300,3305,3250,3265.449951,3183.949707,2136916
07-07-2022,3271,3319.399902,3265.050049,3287.850098,3205.790771,1989921
07-06-2022,3218.5,3268.5,3202.25,3260.75,3179.366943,2182144
07-05-2022,3255,3272,3206.949951,3216.300049,3136.026611,2170627
07-04-2022,3312,3317.949951,3225.050049,3235.050049,3154.308594,2622535
07-01-2022,3260,3333,3252.050049,3315.100098,3232.36084,1502879
6/30/2022,3272,3310.899902,3255,3267.100098,3185.558594,2719603
6/29/2022,3271,3333,3271,3290.5,3208.374512,2133994
6/28/2022,3307,3330,3272.600098,3318.149902,3235.334229,1400046
6/27/2022,3350,3362.899902,3306.5,3314.699951,3231.970459,2037686
6/24/2022,3339,3345,3277.5,3293.100098,3210.909668,2132118
6/23/2022,3222.949951,3318,3222.949951,3308.800049,3226.217773,3692578
6/22/2022,3199.899902,3250.550049,3183,3222.949951,3142.510254,3336315
6/21/2022,3130,3237.75,3125.399902,3211.949951,3131.784912,2964461
6/20/2022,3094,3138.75,3069,3112.399902,3034.719727,1502769
6/17/2022,3092,3118.75,3023.850098,3088.899902,3011.806152,5240434
6/16/2022,3240,3244.850098,3133.050049,3142,3063.581055,2032028
6/15/2022,3218.5,3234,3201,3206.300049,3126.276123,1404536
6/14/2022,3190,3238.899902,3174.699951,3210.550049,3130.419922,2611493
6/13/2022,3290,3293,3192.449951,3219.600098,3139.244141,3030921
06-10-2022,3382,3393,3352,3359.899902,3276.04248,1527582
06-09-2022,3385,3437,3353.100098,3427.100098,3341.565186,1279197
06-08-2022,3380.149902,3413.949951,3346.5,3404.149902,3319.187988,2185707
06-07-2022,3401.050049,3418.850098,3356,3362.699951,3278.772461,2308256
06-06-2022,3418,3453,3377.149902,3430.949951,3345.319336,1084210
06-03-2022,3459.399902,3477.300049,3431.199951,3440.149902,3354.289551,1913622
06-02-2022,3355,3432,3346.300049,3423,3337.567871,2657939
06-01-2022,3388,3388,3340.050049,3355.199951,3271.459717,1493835
5/31/2022,3354.149902,3383.399902,3325,3364.350098,3280.381592,4840965
5/30/2022,3297,3386.600098,3286.350098,3375.25,3291.009521,2094624
5/27/2022,3253.199951,3278.899902,3229.199951,3261.300049,3179.90332,3103153
5/26/2022,3191,3241.5,3180.550049,3226.949951,3146.410645,2813186
5/25/2022,3292.850098,3292.850098,3154.050049,3167.649902,3088.590576,3548046
5/24/2022,3315.149902,3324.850098,3275.600098,3288,3184.486084,1711510
5/23/2022,3304.800049,3338.899902,3267,3321.75,3217.17334,2293690
5/20/2022,3310,3313.899902,3270.050049,3293,3189.328369,3065125
5/19/2022,3397,3405,3230,3261.949951,3159.256104,4642963
5/18/2022,3465,3495,3443.050049,3448.800049,3340.223877,1866781
5/17/2022,3370,3467,3350.399902,3451.600098,3342.935547,1754076
5/16/2022,3415,3430,3366.600098,3376.800049,3270.490479,1195813
5/13/2022,3435,3439.899902,3382.149902,3414.899902,3307.390869,2187823
05-12-2022,3378,3449.699951,3350.100098,3408.649902,3301.337891,2807195
05-11-2022,3435,3448.449951,3382.149902,3412,3304.582275,1841769
05-10-2022,3434,3464.800049,3422,3438.75,3330.48999,1622685
05-09-2022,3398,3456,3346.850098,3445.100098,3336.640381,2481830
05-06-2022,3459,3474.5,3424.5,3432.600098,3324.533691,2010812
05-05-2022,3512.100098,3533,3485.350098,3513.399902,3402.789795,1612262
05-04-2022,3538.5,3545.449951,3465.300049,3479.75,3370.199463,2305825
05-02-2022,3519.899902,3547.949951,3492.75,3542.399902,3430.876953,1324161
4/29/2022,3597,3623.25,3536.850098,3546.699951,3435.041748,2051115
4/28/2022,3588,3604.399902,3538.050049,3584.300049,3471.458008,1703660
4/27/2022,3546,3568.449951,3506.300049,3561.199951,3449.085449,1727648
4/26/2022,3575.149902,3587.899902,3518.149902,3546.300049,3434.654297,1943469
4/25/2022,3558,3584,3533.100098,3548.199951,3436.494385,1960694
4/22/2022,3581.100098,3617,3571.5,3612.550049,3498.818604,1581465
4/21/2022,3580,3644,3567.399902,3628.649902,3514.411377,2280996
4/20/2022,3500,3569.149902,3480,3556.800049,3444.82373,2640370
4/19/2022,3550,3563.550049,3439.149902,3471.899902,3362.596436,3170014
4/18/2022,3610,3610,3522.5,3528.050049,3416.979004,3820792
4/13/2022,3707,3709.850098,3655.550049,3661.949951,3546.663086,1621672
04-12-2022,3683,3739,3648.350098,3691.100098,3574.895752,4483476
04-11-2022,3690,3712.350098,3656.100098,3696.399902,3580.028564,2291660
04-08-2022,3690,3705,3642.5,3685.649902,3569.617188,2296773
04-07-2022,3745.5,3745.5,3679,3684.149902,3568.164307,2494829
04-06-2022,3809.300049,3809.300049,3731.149902,3755.350098,3637.123047,2051729
04-05-2022,3772,3835.600098,3772,3814.800049,3694.701172,2314947
04-04-2022,3762,3780,3737.100098,3770.350098,3651.650879,1472994
04-01-2022,3748,3763,3728.050049,3758.75,3640.416016,1387014
3/31/2022,3740,3754.649902,3720.199951,3739.949951,3622.207764,2168110
3/30/2022,3738,3738,3706.199951,3731.550049,3614.072021,1583455
3/29/2022,3694.75,3722,3691,3705.350098,3588.696777,2689063
3/28/2022,3695,3713,3661.199951,3707.699951,3590.9729,1760990
3/25/2022,3759.899902,3779.5,3672,3707.449951,3590.730713,1690133
3/24/2022,3700,3758.199951,3695,3749.850098,3631.795898,1879046
3/23/2022,3708,3729.800049,3690,3712.399902,3595.525146,1596195
3/22/2022,3640,3711,3625,3700.949951,3584.435303,2907611
3/21/2022,3696,3713.949951,3615,3626.699951,3512.523193,2413831
3/17/2022,3696.600098,3710,3660.300049,3672.75,3557.123291,3600452
3/16/2022,3640.5,3668,3616.25,3655.899902,3540.803467,3090475
3/15/2022,3659,3659,3585.399902,3593.899902,3480.755371,3651133
3/14/2022,3580,3648.350098,3580,3643,3528.310059,1765688
03-11-2022,3603.25,3639.850098,3592.850098,3599.149902,3485.840088,1623423
03-10-2022,3684,3684,3615,3620.949951,3506.954102,2005441
03-09-2022,3605,3654,3597.050049,3632.600098,3518.237549,2719654
03-08-2022,3460,3609,3460,3599.949951,3486.61499,3300992
03-07-2022,3450,3548,3431.550049,3484.899902,3375.187256,3054130
03-04-2022,3501.5,3561.199951,3487.050049,3524.350098,3413.395508,2370257
03-03-2022,3562.850098,3578.600098,3530.100098,3544.399902,3432.813965,1928039
03-02-2022,3552.5,3571.949951,3506,3546.149902,3434.508789,2761341
2/28/2022,3490,3563.75,3455.899902,3554.199951,3442.30542,3288942
2/25/2022,3468,3530,3462,3520.75,3409.908447,2549723
2/24/2022,3474,3483.850098,3391.100098,3401.649902,3294.558105,5039136
2/23/2022,3611,3622.899902,3555.649902,3563.800049,3451.603516,2426203
2/22/2022,3650,3667.899902,3570,3586.399902,3473.491699,5408531
2/21/2022,3810,3827.800049,3705.550049,3719.399902,3602.304443,7465922
2/18/2022,3769,3815.949951,3757.600098,3793.899902,3674.458984,3688883
2/17/2022,3825,3835,3779,3784.199951,3665.064697,3134372
2/16/2022,3844,3854.100098,3806,3813.100098,3693.054688,3256906
2/15/2022,3786,3835,3748,3817.800049,3697.606934,3931683
2/14/2022,3724,3793.25,3710,3733.75,3616.202637,5951745
02-11-2022,3752.5,3752.5,3690,3694.949951,3578.624268,3851488
02-10-2022,3789.800049,3789.800049,3758,3770.350098,3651.650879,2112459
02-09-2022,3750,3777.949951,3746.100098,3760.550049,3642.15918,1638721
02-08-2022,3791.550049,3799.699951,3721,3743.449951,3625.597656,2946443
02-07-2022,3791,3831.800049,3756.149902,3779,3660.02832,1919149
02-04-2022,3815.300049,3824.699951,3769,3814.899902,3694.797852,2307366
02-03-2022,3851,3882.5,3816.050049,3824.600098,3704.192871,1960538
02-02-2022,3827.899902,3864,3800.649902,3856.199951,3734.797852,1984212
02-01-2022,3770,3808,3736.399902,3800.649902,3680.996582,2105169
1/31/2022,3749,3758,3721.399902,3736.25,3618.624512,2739393
1/28/2022,3646,3729.800049,3646,3690.050049,3573.878662,3143862
1/27/2022,3731,3733.399902,3625.100098,3649.25,3534.363281,5718297
1/25/2022,3769.5,3809.399902,3722.199951,3769.899902,3651.2146,3330501
1/24/2022,3840,3849.649902,3740.100098,3771.350098,3652.619385,3258414
1/21/2022,3807,3851.550049,3771.100098,3833.5,3712.812256,3112358
1/20/2022,3910,3920,3811,3826.550049,3706.081299,6176776
1/19/2022,4012,4012,3910.5,3914.649902,3791.407715,3102539
1/18/2022,4033.949951,4041.699951,3980,3990.600098,3858.187012,2389041
1/17/2022,3992.699951,4043,3962.300049,4019.149902,3885.789551,3442604
1/14/2022,3877.850098,3977,3860.050049,3968.149902,3836.481934,3348123
1/13/2022,3918,3923,3857,3897.899902,3768.562988,6684507
01-12-2022,3925,3929,3836.550049,3859.899902,3731.82373,3203744
01-11-2022,3856,3925,3856,3915.899902,3785.965576,1906106
01-10-2022,3978,3978,3861,3879.850098,3751.111816,3937092
01-07-2022,3820,3864.899902,3796.399902,3853.5,3725.635986,2460591
01-06-2022,3812,3835,3772,3807.449951,3681.114258,1810293
01-05-2022,3865,3870,3812.399902,3860.949951,3732.839111,1733031
01-04-2022,3831.100098,3889.149902,3811.699951,3884.75,3755.849365,2488606
01-03-2022,3750,3830,3745,3817.75,3691.072266,2346158
12/31/2021,3742.800049,3760,3731.300049,3738.350098,3614.307129,1207141
12/30/2021,3681.350098,3740,3680,3733.75,3609.859863,1966475
12/29/2021,3692.25,3719.949951,3685,3694.699951,3572.105469,1456923
12/28/2021,3710,3725,3693.850098,3706.550049,3583.562012,1456218
12/27/2021,3671,3700,3653.100098,3696.100098,3573.458984,1534135
12/24/2021,3685,3705,3644.800049,3670.899902,3549.094971,2209923
12/23/2021,3648,3670.5,3630,3662.699951,3541.166992,1792861
12/22/2021,3624,3636.800049,3606.25,3630.75,3510.277588,1224328
12/21/2021,3582.649902,3641.199951,3566.399902,3608.300049,3488.572266,2340989
12/20/2021,3589,3606,3510.149902,3556.899902,3438.877686,2312310
12/17/2021,3602.5,3651.350098,3573.699951,3584.350098,3465.416992,4333992
12/16/2021,3582,3608.449951,3570,3581.600098,3462.758301,2072320
12/15/2021,3620,3623,3558.149902,3570.350098,3451.881592,1603233
12/14/2021,3605,3635,3576.699951,3623.800049,3503.55835,1747007
12/13/2021,3650,3662,3601.699951,3609.649902,3489.877197,1883864
12-10-2021,3585,3642,3575.100098,3636.800049,3516.126709,1510718
12-09-2021,3610,3634.75,3566,3601.75,3482.239502,1567957
12-08-2021,3601,3646.449951,3601,3626.899902,3506.554932,1428660
12-07-2021,3562.5,3598,3524.300049,3584.5,3465.562256,1484458
12-06-2021,3640.449951,3658,3522,3536.399902,3419.057617,1849642
12-03-2021,3646.449951,3665.949951,3630.850098,3640.449951,3519.655273,2486263
12-02-2021,3589.199951,3648,3574.100098,3642.899902,3522.023926,3152938
12-01-2021,3535,3590,3535,3577.800049,3459.084229,2102118
11/30/2021,3491,3563.75,3491,3529.149902,3412.04834,5588446
11/29/2021,3447.149902,3529.350098,3406.449951,3502,3385.799316,2981745
11/26/2021,3425,3490,3411.899902,3446.850098,3332.479492,1941251
11/25/2021,3443.899902,3463,3434.050049,3445.899902,3331.560791,1849619
11/24/2021,3472.199951,3493.050049,3424,3443.300049,3329.047363,2161746
11/23/2021,3445,3480.949951,3407.800049,3464.25,3349.302246,2153461
11/22/2021,3478.399902,3515.949951,3440.300049,3458.399902,3343.645996,3167936
11/18/2021,3515.149902,3520.850098,3451.600098,3475.699951,3360.37207,2136598
11/17/2021,3550.600098,3562.850098,3506.399902,3521.899902,3405.039063,1632914
11/16/2021,3569,3575.550049,3542,3556.399902,3438.394043,2013204
11/15/2021,3528,3569.600098,3528,3553.300049,3435.397217,1809157
11-12-2021,3506,3534.149902,3485.699951,3526.050049,3409.051514,1747259
11-11-2021,3480,3510.050049,3436,3488.199951,3372.457031,1284514
11-10-2021,3498,3519.699951,3480.199951,3484.300049,3368.686768,1516489
11-09-2021,3508,3535,3496,3505.699951,3389.376221,1782692
11-08-2021,3548,3548,3481.199951,3502.75,3386.524414,2526082
11-04-2021,3512.949951,3513.25,3505,3508.649902,3392.228516,328991
11-03-2021,3504.199951,3519.899902,3466.050049,3492.25,3376.372803,1537639
11-02-2021,3494,3513.600098,3469.75,3484.199951,3368.589844,3087414
11-01-2021,3437.949951,3487,3412.949951,3476.399902,3361.049072,2020718
10/29/2021,3400.050049,3461,3385.949951,3397.75,3285.008789,3960501
10/28/2021,3518,3518,3415,3421.649902,3308.115479,2424942
10/27/2021,3483,3511.25,3483,3489.75,3373.956055,2510813
10/26/2021,3494.5,3529,3475,3482.600098,3367.043213,3878763
10/25/2021,3503,3514.550049,3450,3492.949951,3377.049805,2595594
10/22/2021,3560,3561.600098,3485,3498.850098,3382.75415,2691670
10/21/2021,3604.100098,3607.449951,3511.25,3532.5,3415.287598,4871211
10/20/2021,3612,3630,3578.300049,3608.850098,3489.104248,2933693
10/19/2021,3669,3690.100098,3625.199951,3634.149902,3513.564453,3135441
10/18/2021,3603.449951,3652.699951,3601.449951,3647.149902,3526.133057,3590107
10/14/2021,3625,3670,3608.199951,3611.449951,3491.617676,6442299
10/13/2021,3650,3675.449951,3645,3655.199951,3527.148193,3545655
10-12-2021,3706,3707,3630.600098,3652.850098,3524.880615,5752877
10-11-2021,3755,3757.5,3660,3685.600098,3556.483643,11845402
10-08-2021,3925,3989.899902,3900,3935.649902,3797.772949,2934339
10-07-2021,3830,3899,3820.050049,3892.899902,3756.520752,1647233
10-06-2021,3836,3857.449951,3795,3810.899902,3677.393555,1678154
10-05-2021,3754,3840,3741.600098,3833.300049,3699.008789,1877966
10-04-2021,3724.800049,3783.649902,3707.449951,3773.300049,3641.11084,1356860
10-01-2021,3781.75,3810,3725,3730.199951,3599.520752,1578374
9/30/2021,3805,3805,3750.100098,3775.550049,3643.281982,2252412
9/29/2021,3759.800049,3806,3722.149902,3791.899902,3659.059326,2489161
9/28/2021,3850,3850,3751.25,3779.149902,3646.756104,2253075
9/27/2021,3900,3904,3802.899902,3836.949951,3702.531006,1673362
9/24/2021,3890,3944.399902,3855,3871.300049,3735.677734,2320754
9/23/2021,3870,3879,3835,3869.25,3733.699463,2003869
9/22/2021,3862.5,3896.850098,3852.449951,3862.149902,3726.848145,1744067
9/21/2021,3858,3871.550049,3821.649902,3862.949951,3727.620117,1568129
9/20/2021,3809,3871,3807.850098,3823.5,3689.552246,2002008
9/17/2021,3920,3945,3805,3827.850098,3693.75,6477148
9/16/2021,3930,3981.75,3892.100098,3903.300049,3766.556885,2946666
9/15/2021,3882.100098,3980,3866,3954.550049,3816.010986,2461369
9/14/2021,3849.949951,3896.5,3825,3885.899902,3749.766357,1991188
9/13/2021,3767,3852.399902,3767,3845.350098,3710.636719,1691473
09-09-2021,3789.699951,3808.699951,3765,3791.399902,3658.57666,1441148
09-08-2021,3810,3815,3756,3774.149902,3641.930664,4147175
09-07-2021,3864,3869.949951,3808.25,3815.899902,3682.218262,1585039
09-06-2021,3849.699951,3877.600098,3814,3852,3717.053711,1723693
09-03-2021,3825,3856.899902,3804.550049,3842.050049,3707.452148,1746812
09-02-2021,3734,3859.149902,3722,3836.75,3702.338135,3403717
09-01-2021,3796,3816.699951,3707,3714.949951,3584.805176,2643336
8/31/2021,3709.399902,3804.100098,3703.449951,3786.449951,3653.800049,3207480
8/30/2021,3715,3740.350098,3687.600098,3701.300049,3571.633301,2033114
8/27/2021,3666,3729.5,3651.100098,3720.149902,3589.822998,3944728
8/26/2021,3660,3687.600098,3647.899902,3671.850098,3543.215332,1902533
8/25/2021,3610,3697.75,3607.050049,3659,3530.814941,2123263
8/24/2021,3657,3667.350098,3594.399902,3613.199951,3486.619873,2511141
8/23/2021,3580,3673,3561.899902,3637.399902,3509.97168,3744176
8/20/2021,3506,3575,3500,3559.5,3434.801025,2836148
8/18/2021,3573.850098,3595,3536.600098,3560.550049,3435.813965,2631309
8/17/2021,3482.100098,3560.800049,3463,3553.050049,3428.576904,4336019
8/16/2021,3460,3494.350098,3436.5,3472.949951,3351.282715,2083489
8/13/2021,3360.75,3480,3357.5,3463.399902,3342.067627,4363584
08-12-2021,3326,3368,3326,3351.75,3234.328857,1310205
08-11-2021,3350,3360,3327.100098,3344.199951,3227.043701,1929707
08-10-2021,3315.600098,3349.899902,3315.600098,3333.899902,3217.104248,2040777
08-09-2021,3323.899902,3337,3310,3322.699951,3206.296631,1510489
08-06-2021,3272.550049,3324,3265,3309.800049,3193.848877,2292362
08-05-2021,3275,3315,3262.5,3283.949951,3168.904053,2534521
08-04-2021,3300,3305.199951,3261.199951,3273.949951,3159.254639,2929598
08-03-2021,3229,3290,3218.949951,3284.899902,3169.820801,3804735
08-02-2021,3180,3224.899902,3167,3219.399902,3106.615479,2608669
7/30/2021,3219,3223.5,3162.350098,3167.449951,3056.485352,2999943
7/29/2021,3200.25,3225.449951,3190.300049,3195.800049,3083.842285,1731997
7/28/2021,3188,3204.449951,3132.399902,3197.800049,3085.771973,1660654
7/27/2021,3200,3210,3161.149902,3182.949951,3071.442627,1121367
7/26/2021,3200,3224.25,3190.850098,3197.550049,3085.531006,1259611
7/23/2021,3230,3241.550049,3206.649902,3212.850098,3100.295166,1776193
7/22/2021,3190,3224.949951,3190,3216.350098,3103.672119,2859334
7/20/2021,3184.600098,3215,3156.149902,3205.800049,3093.491943,1811945
7/19/2021,3180,3199.800049,3176,3184.600098,3073.034668,1597058
7/16/2021,3213,3219.850098,3192,3194.800049,3082.877441,1256526
7/15/2021,3227.600098,3231.850098,3194,3202.949951,3090.741699,2232968
7/14/2021,3187,3222,3185,3214.550049,3095.18042,2044279
7/13/2021,3214,3214,3175,3187.550049,3069.18335,1809339
07-12-2021,3235,3236,3188.350098,3193.100098,3074.527344,1892226
07-09-2021,3250,3282,3201,3208.149902,3089.018555,6365067
07-08-2021,3298,3298,3231.899902,3258.5,3137.498535,2485811
07-07-2021,3275,3282.699951,3241.600098,3274.949951,3153.337891,2640710
07-06-2021,3313,3328,3256.100098,3262.300049,3141.157471,2159420
07-05-2021,3342,3374,3302,3321,3197.677979,1972858
07-02-2021,3331,3339.699951,3295.199951,3325.449951,3201.962158,1682274
07-01-2021,3358,3362,3332.350098,3341.5,3217.416504,990310
6/30/2021,3346,3382,3338.5,3345.75,3221.508789,1693146
6/29/2021,3342,3366.300049,3326.5,3340.850098,3216.790527,1497322
6/28/2021,3391.5,3391.5,3333,3336.75,3212.842773,1355238
6/25/2021,3375.25,3399.649902,3350,3380.800049,3255.257568,2722861
6/24/2021,3284,3383,3278.5,3373.600098,3248.324463,4155204
6/23/2021,3329,3329,3256.399902,3261.399902,3140.290771,1467104
6/22/2021,3304,3327.050049,3285,3301.199951,3178.612793,1708688
6/21/2021,3265,3286,3251.699951,3273.100098,3151.556152,1130569
6/18/2021,3350.899902,3358,3275,3297.300049,3174.858154,3380431
6/17/2021,3265.5,3336.050049,3260,3317.75,3194.548584,2273413
6/16/2021,3262.100098,3294.699951,3253,3274.350098,3152.76001,1635552
6/15/2021,3298,3298,3251.550049,3262.75,3141.590576,1304985
6/14/2021,3279,3308.699951,3270.350098,3276.350098,3154.685547,1847360
06-11-2021,3211.550049,3309,3211,3273.800049,3152.230713,3452954
06-10-2021,3210,3224,3193,3216.800049,3097.347168,1874324
06-09-2021,3202,3220,3186.199951,3200.25,3081.411621,1710925
06-08-2021,3198,3231,3187.199951,3200.149902,3081.31543,2574057
06-07-2021,3145,3190.449951,3133.600098,3183.199951,3064.994629,2559821
06-04-2021,3128,3156.850098,3125,3143.75,3027.009766,1836060
06-03-2021,3154.550049,3154.550049,3122.649902,3141.25,3024.602783,1281706
06-02-2021,3150.850098,3159.449951,3115,3129.449951,3013.240723,2240078
06-01-2021,3168.600098,3169.949951,3132,3153,3035.91626,1377441
5/31/2021,3150,3170.350098,3128.600098,3159.149902,3041.837646,1652799
5/28/2021,3189.5,3198,3135.649902,3143.600098,3026.865479,1763701
5/27/2021,3161.949951,3217.75,3161.800049,3180,3061.913574,5959785
5/26/2021,3120,3165,3103.800049,3158.5,3041.212158,1923753
5/25/2021,3092,3128.25,3082.100098,3114,2998.364746,1841613
5/24/2021,3081.5,3105,3072,3081.5,2952.628418,1652260
5/21/2021,3061,3088.199951,3055.100098,3080.5,2951.670166,1685566
5/20/2021,3067.100098,3088.800049,3052.100098,3060,2932.027588,2329027
5/19/2021,3084,3118,3067.100098,3082,2953.107422,1986041
5/18/2021,3100,3124,3078,3088.800049,2959.623047,2098538
5/17/2021,3055,3075.199951,3036,3069.75,2941.369629,2890462
5/14/2021,3098.5,3098.5,3040,3051.5,2923.883057,2043935
05-12-2021,3120,3120,3070.600098,3087.600098,2958.473389,1978558
05-11-2021,3125,3128.100098,3091.149902,3122.600098,2992.01001,2415625
05-10-2021,3145.949951,3164.199951,3125,3145.5,3013.95166,2137153
05-07-2021,3133,3159.850098,3111.800049,3132.899902,3001.878906,1912540
05-06-2021,3105.5,3134,3074,3111.449951,2981.325928,1791671
05-05-2021,3070,3099.399902,3052.399902,3095.699951,2966.234863,1939289
05-04-2021,3062.800049,3090,3035,3049.75,2922.206299,1990777
05-03-2021,3024.899902,3055,3004,3037,2909.989502,1545831
4/30/2021,3099,3132.050049,3020,3035.649902,2908.695801,3072305
4/29/2021,3145.600098,3157.350098,3105.5,3115.25,2984.967041,1621395
4/28/2021,3149.949951,3151,3112,3124.100098,2993.447021,1639037
4/27/2021,3106,3136.100098,3103,3132,3001.016357,1471417
4/26/2021,3102.050049,3153,3088.050049,3100.800049,2971.121582,2490260
4/23/2021,3105,3119,3091.050049,3109.5,2979.457764,1615309
4/22/2021,3148,3148,3105.25,3118.800049,2988.368652,1988980
4/20/2021,3225,3225.350098,3126.350098,3144.550049,3013.041748,3141893
4/19/2021,3169,3189,3135.100098,3161.800049,3029.570068,2679106
4/16/2021,3229,3247,3182.600098,3195.149902,3061.525391,3224657
4/15/2021,3160.300049,3237.25,3087.449951,3218.949951,3084.330078,6062760
4/13/2021,3214,3214,3073.050049,3104.050049,2974.23584,8654596
04-12-2021,3322.25,3338.100098,3213.199951,3246.550049,3110.776367,3791828
04-09-2021,3354,3354.350098,3308,3322.25,3183.310059,2911129
04-08-2021,3270,3335,3266.050049,3317.350098,3178.614502,2578118
04-07-2021,3259,3277.550049,3234.800049,3271.399902,3134.58667,2491268
04-06-2021,3275,3275,3230,3264.699951,3128.166992,2291562
04-05-2021,3171,3263,3151,3238.899902,3103.445557,5317862
04-01-2021,3191.100098,3215,3145,3165,3032.636475,4285076
3/31/2021,3155,3205,3132,3177.850098,3044.949463,3530069
3/30/2021,3083,3188.449951,3060.899902,3158.550049,3026.455811,4694008
3/26/2021,3090.649902,3118,3043.050049,3066.800049,2938.543457,3697370
3/25/2021,3112.199951,3130.850098,3050,3064.850098,2936.675049,3179786
3/24/2021,3111.199951,3152.300049,3111.149902,3121.100098,2990.572266,2207104
3/23/2021,3140,3169,3122.850098,3142.600098,3011.17334,3305973
3/22/2021,3048.699951,3139.449951,3018.649902,3129.649902,2998.764404,2821646
3/19/2021,3030,3099,3005,3050.199951,2922.637451,5776626
3/18/2021,3125.949951,3146.449951,2987.050049,3036.5,2909.510254,3656306
3/17/2021,3105,3155,3085.300049,3112.949951,2982.763428,3838390
3/16/2021,3060,3141,3060,3110.050049,2979.984375,4894756
3/15/2021,3041,3099,3041,3066.149902,2937.920166,3097083
03-12-2021,3075,3117,3041.350098,3057.949951,2930.063232,2938317
03-10-2021,3075,3093.199951,3060,3070.949951,2942.519775,3053778
03-09-2021,3006.949951,3066.899902,2992.100098,3050.949951,2923.355713,1942397
03-08-2021,3016,3033,2996,3006.949951,2881.196533,2003125
03-05-2021,3016.100098,3063.199951,2996.600098,3008.050049,2882.250488,3203686
03-04-2021,3023,3081.449951,3016.050049,3049.699951,2922.157959,3916760
03-03-2021,3035,3064,2996.899902,3059.100098,2931.165283,3509857
03-02-2021,2960,3025,2948,3006.350098,2880.621338,3306469
03-01-2021,2926,2965,2901.800049,2924.199951,2801.906738,3265871
2/26/2021,2960,2972.350098,2880,2894.300049,2773.257324,5553153
2/25/2021,2974,3029.899902,2968.449951,2995.300049,2870.033447,4224073
2/24/2021,2972,3003.350098,2921.149902,2948.100098,2824.807617,3774549
2/23/2021,2970,3028,2968,2980.199951,2855.564697,3832829
2/22/2021,3096,3096,2943.149902,2958.449951,2834.724365,5366696
2/19/2021,3058,3087.149902,3016.149902,3071.850098,2943.38208,3725028
2/18/2021,3065,3097.899902,3031,3057.350098,2929.48877,4189909
2/17/2021,3105.100098,3132.850098,3045.550049,3073.100098,2944.579834,3678426
2/16/2021,3150,3167.649902,3100,3108.800049,2978.787109,3435770
2/15/2021,3209,3209,3131.550049,3139.850098,3008.538574,2630853
02-12-2021,3184.199951,3245.5,3182,3190.800049,3057.357666,2777404
02-11-2021,3215,3219.300049,3185.050049,3206,3071.921875,1165882
02-10-2021,3185,3219.399902,3157.300049,3213.300049,3078.916504,2127983
02-09-2021,3195,3245.800049,3164,3176.899902,3044.038818,2658751
02-08-2021,3189.5,3226,3155.149902,3214.100098,3079.683105,2526592
02-05-2021,3198.949951,3205.850098,3129,3157.949951,3025.881592,2366135
02-04-2021,3216.050049,3237.850098,3176,3188.449951,3055.105713,2057261
02-03-2021,3213,3236,3162.649902,3200.050049,3066.220703,2505866
02-02-2021,3174,3224,3150,3203.449951,3069.478271,2881837
02-01-2021,3100,3165,3044.100098,3139.350098,3008.059082,3985846
1/29/2021,3210.050049,3216.850098,3100,3111.350098,2981.230469,5445659
1/28/2021,3230,3275,3183.800049,3196.550049,3062.866943,3083938
1/27/2021,3300,3306.449951,3227,3261.050049,3124.669678,2786662
1/25/2021,3308.949951,3339.800049,3278.649902,3291.300049,3153.655029,2272887
1/22/2021,3241.899902,3325,3241.899902,3303.100098,3164.961182,3052459
1/21/2021,3305,3309.149902,3262.100098,3273.850098,3136.93457,2778546
1/20/2021,3270,3327.949951,3267.100098,3308.800049,3170.422852,3453446
1/19/2021,3233,3279,3232,3260.699951,3124.33374,2975735
1/18/2021,3250,3256.75,3187.399902,3221.75,3087.012695,4160906
1/15/2021,3235,3274,3210,3233.350098,3098.128174,4131692
1/14/2021,3155,3266.5,3120.399902,3250.699951,3114.752441,6931542
1/13/2021,3175,3177,3126.25,3158.949951,3021.090332,3572801
01-12-2021,3176.449951,3210,3150,3174.850098,3036.296387,3611458
01-11-2021,3230,3230,3146.550049,3176.449951,3037.82666,9508039
01-08-2021,3090,3128,3060,3120.899902,2984.700684,5879039
01-07-2021,3075,3080.850098,3000.25,3032.800049,2900.445801,3717827
01-06-2021,3100,3113.5,3037.199951,3051.5,2918.32959,3726716
01-05-2021,3039.600098,3114.25,3039.600098,3093,2958.018066,5801309
01-04-2021,2950,3050.75,2940.949951,3039.449951,2906.805664,5113293
01-01-2021,2880,2940,2879,2928.25,2800.458496,2681440
12/31/2020,2900,2905,2845,2862.75,2737.817139,4040956
12/30/2020,2934.399902,2947.699951,2902,2909.300049,2782.335205,2637968
12/29/2020,2920,2952,2920,2930.5,2802.609863,1994151
12/28/2020,2910,2949.699951,2902,2929.399902,2801.558105,2108994
12/24/2020,2909,2921.350098,2883.199951,2909.350098,2782.383057,1807144
12/23/2020,2876.050049,2919,2865.449951,2908.75,2781.809082,2790988
12/22/2020,2834,2883.649902,2818.649902,2872.5,2747.141602,2881737
12/21/2020,2861,2886.5,2785,2820.149902,2697.075684,2705195
12/18/2020,2868,2898,2846.199951,2861,2736.143066,6076692
12/17/2020,2811,2853.699951,2805,2838.199951,2714.338135,2863460
12/16/2020,2779,2819.800049,2760.449951,2814.199951,2691.385498,2565149
12/15/2020,2786,2794.699951,2755,2761.550049,2641.033203,2365509
12/14/2020,2802,2804,2756.25,2797.699951,2675.605469,2483658
12-11-2020,2792.699951,2807.699951,2764.550049,2783.600098,2662.12085,1795408
12-10-2020,2818,2827.300049,2780.25,2784.300049,2662.790527,2127801
12-09-2020,2815,2840,2793.149902,2810.800049,2688.134033,3659996
12-08-2020,2740,2805.550049,2732.449951,2797.300049,2675.223145,4277818
12-07-2020,2715,2744,2706.149902,2737.699951,2618.224121,1996400
12-04-2020,2710.800049,2738.850098,2699,2727.550049,2608.517334,2686527
12-03-2020,2773.899902,2773.899902,2700.800049,2709.449951,2591.206787,2852548
12-02-2020,2719,2754.699951,2702.449951,2749.550049,2629.556885,2509032
12-01-2020,2679,2735.899902,2624.449951,2726.800049,2607.799805,3605017
11/27/2020,2705,2717.699951,2669.050049,2679.649902,2562.707275,6086808
11/26/2020,2686,2730.949951,2680,2720.600098,2601.870361,2341099
11/25/2020,2729,2732.949951,2688.199951,2701.300049,2583.413086,3302249
11/24/2020,2734.399902,2743,2705,2722.050049,2603.257568,3120516
11/23/2020,2690,2730,2665,2724.25,2605.361084,3706418
11/20/2020,2655,2676,2627.550049,2660.25,2544.154297,2711471
11/19/2020,2637,2676.149902,2630.850098,2636.899902,2521.822998,4167501
11/18/2020,2661,2664.199951,2607.050049,2626.649902,2512.020264,2893762
11/17/2020,2695,2695,2650.050049,2666.050049,2549.701172,2827273
11/14/2020,2677.949951,2689,2660.050049,2670.350098,2553.813232,298819
11/13/2020,2655.75,2664.899902,2636,2656.850098,2540.902344,2548093
11-12-2020,2686,2713,2661.75,2671.050049,2554.482666,2437505
11-11-2020,2667.949951,2692.800049,2643.399902,2687.800049,2570.502197,3242441
11-10-2020,2697.199951,2713.149902,2638.350098,2649.600098,2533.96875,4760020
11-09-2020,2731.100098,2744,2695.100098,2726.600098,2607.608643,3646592
11-06-2020,2699,2713.25,2681.300049,2707.449951,2589.294189,3884421
11-05-2020,2685,2710,2667,2685.699951,2568.493164,2816502
11-04-2020,2610,2721.850098,2610,2653.149902,2537.364014,4893928
11-03-2020,2604,2665,2601.050049,2633.600098,2518.666992,2879269
11-02-2020,2660,2664.850098,2600.050049,2604.600098,2490.932861,2571196
10/30/2020,2636.100098,2674.350098,2621.600098,2664.850098,2548.553467,3427003
10/29/2020,2608,2655,2600.25,2632.649902,2517.758545,3105968
10/28/2020,2650,2655.949951,2606,2622.199951,2507.764648,3569445
10/27/2020,2699.75,2718.149902,2624.100098,2630.149902,2515.36792,3537502
10/26/2020,2689.949951,2709.949951,2670.5,2688.199951,2570.884277,2672752
10/23/2020,2687.800049,2702,2670.100098,2686.800049,2569.54541,3499091
10/22/2020,2661,2686.649902,2638.100098,2671.149902,2554.578369,5262294
10/21/2020,2739,2749,2663.050049,2675.399902,2558.642822,4570143
10/20/2020,2725,2759.899902,2717.949951,2739,2619.467285,3406273
10/19/2020,2774,2774,2706.600098,2711.550049,2593.215088,3331194
10/16/2020,2750.100098,2771.649902,2731.300049,2763.300049,2642.706787,5273773
10/15/2020,2811,2827.75,2727,2740.600098,2620.998047,6629355
10/14/2020,2842,2842,2787.550049,2809.600098,2686.986816,4395936
10/13/2020,2845,2854.899902,2812.199951,2826.550049,2691.720459,4209878
10-12-2020,2815.5,2854,2800.75,2830,2695.005371,4623203
10-09-2020,2810,2829.850098,2780,2812.949951,2678.768799,7739245
10-08-2020,2800,2885,2800,2825.699951,2690.910889,19839329
10-07-2020,2742,2770,2703,2735.949951,2605.442139,9656101
10-06-2020,2736,2736,2650.100098,2714.300049,2584.824463,9846367
10-05-2020,2620,2728.100098,2603.050049,2705.800049,2576.730225,17412105
10-01-2020,2510,2540,2492.300049,2523.449951,2403.078369,2610337
9/30/2020,2489,2505,2460,2492.300049,2373.414795,3917166
9/29/2020,2434.850098,2511.050049,2426.300049,2488.399902,2369.700684,6995811
9/28/2020,2440,2444,2366,2426.300049,2310.5625,4347166
9/25/2020,2368,2440,2352.100098,2422.300049,2306.753662,8228267
9/24/2020,2450,2450,2302.600098,2332.25,2220.999268,8424708
9/23/2020,2510,2519.850098,2409,2467.449951,2349.749756,7502280
9/22/2020,2485,2555,2458,2522.949951,2402.602051,7499613
9/21/2020,2465,2504.899902,2452.149902,2465.300049,2347.702393,4598809
9/18/2020,2485,2500.399902,2436.399902,2449.899902,2333.037354,4183256
9/17/2020,2480,2495.75,2450.600098,2460.949951,2343.559814,4828176
9/16/2020,2488.949951,2507.600098,2477.300049,2503,2383.604004,3074003
9/15/2020,2491.399902,2538,2464.600098,2491.399902,2372.557373,7318770
9/14/2020,2384.100098,2505.75,2381.850098,2491.399902,2372.557373,7512131
09-11-2020,2330.949951,2383,2330.149902,2374.100098,2260.852783,4145424
09-10-2020,2335,2348.5,2324.300049,2331.149902,2219.951416,2308813
09-09-2020,2325,2359,2320,2327.649902,2216.618164,3866535
09-08-2020,2335.949951,2390.449951,2327.050049,2348.199951,2236.188232,7453998
09-07-2020,2289,2343.5,2283.350098,2327.050049,2216.046875,4620401
09-04-2020,2275,2324.25,2262.949951,2288.800049,2179.621582,5231303
09-03-2020,2268,2324,2268,2299.5,2189.811279,4654146
09-02-2020,2247,2268.75,2241.649902,2265.149902,2157.099854,2084137
09-01-2020,2269,2278,2241.300049,2246.350098,2139.196533,3610908
8/31/2020,2240,2276.199951,2228,2257.25,2149.576172,6018154
8/28/2020,2268.399902,2279.949951,2235.100098,2238.550049,2131.768311,2941136
8/27/2020,2266,2287.350098,2241.75,2248.399902,2141.148682,3579393
8/26/2020,2242,2259.899902,2216.449951,2253.5,2146.005127,2618149
8/25/2020,2245,2250,2233.550049,2242.649902,2135.67334,1663419
8/24/2020,2250.600098,2259.949951,2230,2248.100098,2140.863037,2167966
8/21/2020,2260,2271,2241.050049,2248.600098,2141.3396,1975294
8/20/2020,2257,2276.550049,2240.050049,2252.850098,2145.386719,2895164
8/19/2020,2276.350098,2284.600098,2252.5,2256.600098,2148.957764,2843005
8/18/2020,2262.800049,2289,2248.300049,2269.75,2161.479736,3493374
8/17/2020,2263,2270,2238.25,2253.399902,2145.910156,2625630
8/14/2020,2277,2281.300049,2233.100098,2242.149902,2135.196777,2270405
8/13/2020,2273,2300,2250.5,2254.449951,2146.909912,2695682
08-12-2020,2288.350098,2296.399902,2246.550049,2257.350098,2149.671143,3415751
08-11-2020,2283,2312,2275.600098,2279.899902,2171.145508,2774423
08-10-2020,2318,2325,2276.050049,2282.800049,2173.908203,2929353
08-07-2020,2308,2328,2287,2295.350098,2185.859131,3165491
08-06-2020,2275,2319.5,2265.350098,2308.100098,2198.000977,4748047
08-05-2020,2260,2300,2253,2259.5,2151.719238,3800641
08-04-2020,2259.949951,2269.649902,2225.050049,2249.699951,2142.386475,2927928
08-03-2020,2290.449951,2303.850098,2230.699951,2254.149902,2146.624023,4012337
7/31/2020,2303.149902,2334.800049,2257.449951,2281.399902,2172.574463,4723290
7/30/2020,2285.899902,2358,2272.25,2279.5,2170.765381,7098496
7/29/2020,2292,2342,2246.050049,2276.050049,2167.479492,6090431
7/28/2020,2215,2320,2215,2309.75,2199.572266,8092319
7/27/2020,2165,2215,2163.5,2206.800049,2101.532715,4248480
7/24/2020,2154.5,2163,2125.100098,2157.399902,2054.489258,3665100
7/23/2020,2190.949951,2190.949951,2163,2171.199951,2067.631348,2265766
7/22/2020,2231,2231,2184.199951,2190.949951,2086.438965,2861534
7/21/2020,2230,2238.649902,2201.149902,2225.050049,2118.912354,2665286
7/20/2020,2201,2226.899902,2190.800049,2207.899902,2102.580322,2952646
7/17/2020,2237,2243.899902,2190.050049,2200.75,2095.771729,4509135
7/16/2020,2244,2333,2220.100098,2234.75,2128.149658,8582118
7/15/2020,2185,2260,2181.100098,2233.899902,2122.578857,5569321
7/14/2020,2210,2239,2165,2171.949951,2063.716064,2976738
7/13/2020,2220,2244.949951,2210,2220,2109.371826,2963503
07-10-2020,2205.25,2249.850098,2176,2222.350098,2111.604492,9610320
07-09-2020,2229,2244.5,2191.050049,2204.350098,2094.501709,3443998
07-08-2020,2270,2274.399902,2207.600098,2218.899902,2108.326416,2793358
07-07-2020,2275,2302.699951,2232.149902,2269.899902,2156.784668,5630055
07-06-2020,2205,2269.899902,2205,2263.199951,2150.418945,5190366
07-03-2020,2163.649902,2205,2160.25,2199.649902,2090.0354,4185208
07-02-2020,2102,2165,2098,2157.149902,2049.653564,3758699
07-01-2020,2079.699951,2113.949951,2079.5,2092.050049,1987.797607,2503466
6/30/2020,2100,2111.899902,2075.050049,2082.149902,1978.391113,3071725
6/29/2020,2108,2127.600098,2091.300049,2101.649902,1996.919312,3076341
6/26/2020,2025,2132,2019.949951,2118.850098,2013.262085,6300722
6/25/2020,2035,2060,2009.25,2016.099976,1915.632324,3043931
6/24/2020,2034,2064.25,2031.599976,2042.199951,1940.431763,2560937
6/23/2020,2027,2044,2010,2035.300049,1933.87561,4205944
6/22/2020,2050,2052.25,2019.150024,2027.949951,1926.89209,3196138
6/19/2020,2042,2090,2032,2044.599976,1942.712402,5681758
6/18/2020,2045,2059.199951,2025.199951,2038.099976,1936.536011,1944389
6/17/2020,2046,2058.850098,2026.550049,2047.800049,1945.753052,2703527
6/16/2020,2065,2073.949951,2031,2045.800049,1943.852417,2146528
6/15/2020,2039.099976,2059,2000.949951,2029.900024,1928.744873,2399022
06-12-2020,2011.199951,2049.199951,2011,2039.5,1937.866211,2842642
06-11-2020,2100,2105,2061.800049,2067.649902,1964.613525,2269513
06-10-2020,2077.050049,2132,2073.5,2108.75,2003.665649,5168397
06-09-2020,2063.100098,2095.5,2060.25,2072.050049,1968.794312,2909439
06-08-2020,2078.25,2095,2062.100098,2071.75,1968.509277,2957841
06-05-2020,2091.600098,2098,2040.300049,2048.25,1946.18042,3573289
06-04-2020,2046.75,2100,2046.75,2091.550049,1987.322754,4048593
06-03-2020,2051.850098,2063.75,2020,2046.150024,1944.185059,3699799
06-02-2020,2060.199951,2081,2040.050049,2047.150024,1939.434326,2443886
06-01-2020,1990,2060,1981.099976,2045.25,1937.634521,3747773
5/29/2020,1982,2002.650024,1962.400024,1972.349976,1868.569824,7237735
5/28/2020,1988.5,2014,1971.300049,2004.300049,1898.838867,3475681
5/27/2020,1959,2010,1941.25,2005.300049,1899.786377,3482160
5/26/2020,2015,2024,1925,1943,1840.764404,4575317
5/22/2020,1977.099976,2032,1961.25,2020.349976,1914.044312,3663418
5/21/2020,1946,1998,1941.150024,1991.199951,1886.427979,3400908
5/20/2020,1950,1962.900024,1931.699951,1953.599976,1850.806641,2778505
5/19/2020,1903,1966.449951,1903,1948.650024,1846.117065,3198693
5/18/2020,1907,1952.949951,1872.099976,1945.599976,1843.227661,3727694
5/15/2020,1916,1917.400024,1865.199951,1892.900024,1793.300659,3173682
5/14/2020,1910,1923.099976,1891.099976,1902.349976,1802.253296,2263146
5/13/2020,1994,1994,1925.650024,1949.650024,1847.064575,2656665
05-12-2020,1933.400024,1956.5,1910.25,1949.5,1846.922241,3256595
05-11-2020,1909,1951.400024,1909,1935.300049,1833.46936,2449841
05-08-2020,1939.099976,1939.5,1886.25,1893.400024,1793.774292,2686530
05-07-2020,1910,1934.449951,1883.349976,1891.650024,1792.116211,3166754
05-06-2020,1939.800049,1953.699951,1893.599976,1903.599976,1803.4375,3517431
05-05-2020,1955.099976,1977,1927,1932.75,1831.053711,2905528
05-04-2020,1966,1966,1913.650024,1930.449951,1828.874634,3729348
4/30/2020,1980,2032,1942.199951,2014.449951,1908.454712,5915544
4/29/2020,1874,1912.550049,1850.050049,1905.650024,1805.379883,4241510
4/28/2020,1865,1868,1832.599976,1859.050049,1761.231567,2678505
4/27/2020,1832.300049,1875,1825,1836.599976,1739.962646,3374741
4/24/2020,1840.699951,1851.949951,1807.800049,1818.550049,1722.862671,2987102
4/23/2020,1780,1900,1760.849976,1878.25,1779.421021,5934366
4/22/2020,1737.650024,1790,1719.150024,1769.5,1676.393433,3829836
4/21/2020,1765,1794.599976,1727.699951,1737.650024,1646.219482,5122541
4/20/2020,1830,1830,1802.5,1818.650024,1722.957397,3244282
4/17/2020,1800,1851.949951,1753,1806.199951,1711.162354,9895823
4/16/2020,1709.949951,1764.900024,1675.050049,1716.050049,1625.755859,6245533
4/15/2020,1785,1812,1727.800049,1735.150024,1643.850952,4761399
4/13/2020,1761,1787,1746,1759.25,1666.682983,2990438
04-09-2020,1750.449951,1778.800049,1731.199951,1766.150024,1673.219971,5307397
04-08-2020,1760,1806,1701,1705.449951,1615.713379,6285615
04-07-2020,1710,1785.849976,1705,1775.199951,1681.793457,5427577
04-03-2020,1740,1740,1650,1654.199951,1567.160278,5735369
04-01-2020,1825.900024,1834.75,1702,1708.75,1618.839844,4941878
3/31/2020,1837.400024,1855,1780,1826.099976,1730.015381,3927593
3/30/2020,1766,1905,1763.550049,1778.5,1684.920166,8513547
3/27/2020,1820,1850,1750.400024,1824.5,1728.499634,4331250
3/26/2020,1831.599976,1832.050049,1722.550049,1790.949951,1696.714722,4556067
3/25/2020,1700,1810,1680,1750.300049,1658.203735,2765520
3/24/2020,1653.050049,1770,1632.849976,1703.150024,1613.534668,6350865
3/23/2020,1620,1750,1617.75,1669.699951,1581.844849,7003490
3/20/2020,1630,1869,1627,1797.449951,1702.872681,8547498
3/19/2020,1559.699951,1685.449951,1546.75,1636.349976,1550.249512,5135111
3/18/2020,1676.800049,1713.550049,1627.75,1654.400024,1555.981079,7258778
3/17/2020,1730,1731,1623.150024,1658,1559.366821,5713248
3/16/2020,1755,1842.25,1675.849976,1696.400024,1595.482422,7844271
3/13/2020,1687.900024,1820,1506.050049,1806.300049,1698.844604,8029720
03-12-2020,1904,1908.400024,1758.349976,1769.849976,1664.56311,8728786
03-11-2020,1933,1987.300049,1920,1953.699951,1837.476074,6796449
03-09-2020,2075,2079.899902,1935,1972.349976,1855.016357,4940975
03-06-2020,2098,2123.649902,2071.600098,2116.449951,1990.544067,2595027
03-05-2020,2085.699951,2147.75,2084.050049,2125.050049,1998.632813,3937056
03-04-2020,2056,2094.449951,2025,2083.199951,1959.271973,3237002
03-03-2020,2020,2060,2012,2036.199951,1915.068115,2757585
03-02-2020,2035,2053.949951,1985.699951,2001.300049,1882.244263,2667076
2/28/2020,2068,2069.5,1990,2000.150024,1881.162842,4298076
2/27/2020,2119.949951,2119.949951,2086.199951,2105.5,1980.245361,2349001
2/26/2020,2154,2163.899902,2112.949951,2123.600098,1997.269043,2686842
2/25/2020,2115.5,2176.649902,2111,2156.149902,2027.882324,2674567
2/24/2020,2156,2178.949951,2106.699951,2115.350098,1989.509888,3092877
2/20/2020,2204.5,2214.399902,2151.25,2156.800049,2028.493774,2317278
2/19/2020,2215.75,2230,2190.5,2196.350098,2065.691162,1760463
2/18/2020,2199.949951,2221,2186.050049,2215.75,2083.936768,2486223
2/17/2020,2196.949951,2217,2190.199951,2203.25,2072.180664,1774724
2/14/2020,2188,2212,2171,2184.199951,2054.263916,1500115
2/13/2020,2172.949951,2197,2171,2191.949951,2061.55249,1645948
02-12-2020,2151.100098,2185,2150,2170.75,2041.614136,1620407
02-11-2020,2163,2174.800049,2147.600098,2153.399902,2025.295532,1335820
02-10-2020,2140.899902,2167,2119,2161.949951,2033.337524,2383032
02-07-2020,2139,2151,2119,2136.550049,2009.448364,2083442
02-06-2020,2145,2174.199951,2115.5,2128.350098,2001.736328,2640065
02-05-2020,2115,2156.699951,2104.300049,2146.550049,2018.853271,2439322
02-04-2020,2129,2136.699951,2086.600098,2107.75,1982.361938,3509339
02-03-2020,2152,2194.699951,2093.199951,2102.5,1977.423828,4728073
1/31/2020,2139.399902,2144.350098,2071.600098,2079.050049,1955.369263,3287223
1/30/2020,2160,2165,2125,2137.850098,2010.671265,2098567
1/29/2020,2185,2186.949951,2150,2154.600098,2026.424805,2306761
1/28/2020,2174,2187.800049,2152,2183.75,2053.840088,1743024
1/27/2020,2189.699951,2193.449951,2165,2169.25,2040.202759,1549101
1/24/2020,2190.949951,2190.949951,2170,2183.399902,2053.51123,1319430
1/23/2020,2209.800049,2217.75,2183.699951,2190.949951,2060.612305,2069866
1/22/2020,2181,2210,2173.699951,2206.899902,2070.910645,1773686
1/21/2020,2169.949951,2186.550049,2158.050049,2171.050049,2037.269775,1902980
1/20/2020,2194.899902,2242.199951,2156.199951,2170.350098,2036.613037,5817599
1/17/2020,2240.75,2253.550049,2213,2219.100098,2082.359619,3281059
1/16/2020,2226.949951,2249,2215,2238.800049,2100.845215,3117214
1/15/2020,2213,2231,2194.199951,2226.899902,2089.678223,2620681
1/14/2020,2195,2229.800049,2195,2206.899902,2070.910645,2948452
1/13/2020,2217.850098,2218.949951,2184.699951,2190.350098,2055.380615,2843893
01-10-2020,2228,2234,2208,2213.550049,2077.150879,1915807
01-09-2020,2248.75,2251.949951,2210,2214.350098,2077.901855,3734173
01-08-2020,2205,2260,2202.050049,2255.25,2116.28125,5197454
01-07-2020,2200.5,2214.649902,2183.800049,2205.850098,2069.925293,2429317
01-06-2020,2205,2225.949951,2187.899902,2200.449951,2064.858154,3023209
01-03-2020,2164,2223,2164,2200.649902,2065.045654,4655761
01-02-2020,2179.949951,2179.949951,2149.199951,2157.649902,2024.695557,2380752
01-01-2020,2168,2183.899902,2154,2167.600098,2034.032593,1354908
12/31/2019,2189,2197,2157.449951,2161.699951,2028.495972,1909289
12/30/2019,2207,2225,2177.100098,2183.199951,2048.670654,2288830
12/27/2019,2208,2226.399902,2176,2198.5,2063.02832,2720261
12/26/2019,2216.399902,2229,2195.199951,2201.949951,2066.265869,1880367
12/24/2019,2239,2243.550049,2211.149902,2215.600098,2079.074951,1805896
12/23/2019,2210,2241.949951,2210,2231.699951,2094.182373,2247329
12/20/2019,2220,2246.699951,2208.25,2222.899902,2085.924805,5548338
12/19/2019,2179.800049,2236.5,2167.550049,2229.050049,2091.696045,6251505
12/18/2019,2174,2203.449951,2153,2167.75,2034.172729,8251081
12/17/2019,2126.5,2169,2119,2164.949951,2031.54541,6059673
12/16/2019,2096,2136,2080.300049,2126.75,1995.699707,5574177
12/13/2019,2023,2077.399902,2007,2071.25,1943.619385,5711133
12-12-2019,2051.100098,2083.649902,1984,2020.900024,1896.37207,7137306
12-11-2019,2025.400024,2048,2006.75,2041.900024,1916.078003,4943024
12-10-2019,2060,2060.850098,2003.25,2012.849976,1888.818237,4520045
12-09-2019,2127.949951,2127.949951,2053.5,2060.449951,1933.484863,2244747
12-06-2019,2124,2128,2101,2123.600098,1992.743774,1829461
12-05-2019,2083,2126.800049,2068.350098,2121.300049,1990.585083,3902721
12-04-2019,2053,2082,2045.5,2078.5,1950.422852,3334301
12-03-2019,2027.699951,2062,2010,2051,1924.617432,4664774
12-02-2019,2060,2067.699951,2016,2021.050049,1896.512817,3809860
11/29/2019,2085,2085,2045.800049,2053.25,1926.72876,2064271
11/28/2019,2067.050049,2094.399902,2060,2077.350098,1949.343994,2924429
11/27/2019,2052,2071.699951,2046.550049,2054.300049,1927.714111,2907521
11/26/2019,2089.850098,2097.899902,2035.050049,2046.650024,1920.535522,6561580
11/25/2019,2074.550049,2084.949951,2052.199951,2081.5,1953.237793,2737010
11/22/2019,2097,2107,2060.5,2071.699951,1944.041626,3742049
11/21/2019,2112,2126.600098,2107.399902,2118.100098,1987.582642,2052574
11/20/2019,2121.949951,2135,2094.5,2108.550049,1978.621094,2894129
11/19/2019,2153,2154.649902,2105,2108.800049,1978.855591,2975313
11/18/2019,2178.399902,2187.75,2148.75,2152.600098,2019.956421,1611089
11/15/2019,2196,2211.5,2168.75,2174.449951,2040.460449,2724180
11/14/2019,2187.5,2200,2146.699951,2196.800049,2061.433105,2995915
11/13/2019,2118,2183.800049,2118,2178.600098,2044.354736,3823365
11-11-2019,2135,2139,2091,2100.949951,1971.48938,2983768
11-08-2019,2189.600098,2189.600098,2124,2129.949951,1998.702393,2788759
11-07-2019,2204.5,2204.5,2175.199951,2185.350098,2050.688477,1915598
11-06-2019,2200,2210.800049,2179,2188.5,2053.644775,2540719
11-05-2019,2197,2211,2169,2201.850098,2066.171875,2693475
11-04-2019,2207,2229.199951,2180.899902,2193.949951,2058.758789,2646411
11-01-2019,2264,2275,2195,2200.899902,2065.280029,4172620
10/31/2019,2250,2284.949951,2237,2269.649902,2129.793945,4879261
10/30/2019,2225,2260,2176.850098,2252.800049,2113.982178,5195136
10/29/2019,2121.5,2201.699951,2121.5,2194.850098,2059.603516,5064173
10/27/2019,2129,2129,2108.800049,2115.699951,1985.330688,224405
10/25/2019,2094,2130,2075.050049,2124.949951,1994.010376,3954245
10/24/2019,2084,2099,2061.300049,2082,1953.707153,2798671
10/23/2019,2060,2083.850098,2052.5,2070.100098,1942.540527,2348134
10/22/2019,2080,2111.5,2040.050049,2051.399902,1924.992676,5552505
10/18/2019,2037.5,2063.899902,2025,2057.350098,1930.57605,3087901
10/17/2019,2014,2038,1999.300049,2030.949951,1905.802734,3818774
10/16/2019,2038,2056,2016,2046.400024,1882.765503,3034082
10/15/2019,2032,2047,2022.699951,2037.300049,1874.393433,2261310
10/14/2019,1995,2032.75,1968,2021,1859.396851,3510704
10-11-2019,1931,1995,1925,1986.849976,1827.977295,12593069
10-10-2019,2028,2039.050049,1997.099976,2004.449951,1844.1698,2881452
10-09-2019,2060,2060,2015.5,2020.099976,1858.568481,2066920
10-07-2019,2080,2094.5,2041,2047.699951,1883.961426,2177916
10-04-2019,2060.600098,2087.949951,2054.949951,2079.350098,1913.081055,2163251
10-03-2019,2070,2081.149902,2046.150024,2060.25,1895.508179,2317618
10-01-2019,2095.949951,2095.949951,2039.699951,2059.949951,1895.232178,3342877
9/30/2019,2061.850098,2104,2060,2099.300049,1931.435669,2620039
9/27/2019,2085,2085.199951,2051.399902,2056.149902,1891.735962,2046795
9/26/2019,2097.899902,2107,2063,2087.600098,1920.671143,4234281
9/25/2019,2065,2092,2060.050049,2088.449951,1921.453003,4002232
9/24/2019,2015,2061,2013,2044.699951,1881.201538,4620978
9/23/2019,2099,2099,1975,2015.800049,1854.612427,6323401
9/20/2019,2104.899902,2129.399902,2057,2065.449951,1900.292358,6941979
9/19/2019,2135,2135.800049,2091,2101.949951,1933.873291,1652691
9/18/2019,2126.399902,2142.949951,2113.149902,2138.550049,1967.547241,1454663
9/17/2019,2154.949951,2156.550049,2105.600098,2122.649902,1952.918213,2796530
9/16/2019,2159.949951,2173.399902,2126.399902,2150,1978.081299,2597948
9/13/2019,2135,2157.949951,2115.550049,2141.949951,1970.675415,2291174
09-12-2019,2155,2165,2120.350098,2133.600098,1962.993042,2118859
09-11-2019,2186,2195,2146.550049,2154,1981.761719,2627440
09-09-2019,2200,2202.850098,2179.800049,2182.850098,2008.304688,1703945
09-06-2019,2216,2233.5,2192.600098,2197.5,2021.782959,1890550
09-05-2019,2242.199951,2253.649902,2207.300049,2215.300049,2038.160278,2055943
09-04-2019,2265,2270,2233,2245.399902,2065.853027,2228092
09-03-2019,2270,2296.199951,2236.949951,2251.600098,2071.557373,2545060
8/30/2019,2241,2266,2218,2259.600098,2078.917236,2583625
8/29/2019,2222.199951,2248.199951,2222.199951,2233.449951,2054.858154,1670652
8/28/2019,2240,2252.149902,2216,2239.25,2060.195068,1294621
8/27/2019,2270,2274.850098,2229,2236.5,2057.664795,3432106
8/26/2019,2247,2282,2225,2276.300049,2094.282471,2345475
8/23/2019,2214.949951,2259.899902,2213.899902,2247.699951,2067.969482,2826425
8/22/2019,2187,2235.649902,2170,2216,2038.804199,2131601
8/21/2019,2184.949951,2202,2182.25,2186.199951,2011.386841,1214408
8/20/2019,2172,2205,2166.5,2186.75,2011.892944,1843611
8/19/2019,2180,2186,2157.699951,2163,1990.042236,974884
8/16/2019,2241.399902,2241.399902,2143.25,2165.100098,1991.974365,3755507
8/14/2019,2181.100098,2217.850098,2167.399902,2204.399902,2028.13147,1945002
8/13/2019,2245,2246.25,2194.300049,2199.449951,2023.577393,1647281
08-09-2019,2260,2267.899902,2241.350098,2246.25,2066.635498,1744550
08-08-2019,2228.899902,2281,2218.899902,2258.100098,2077.537842,2073298
08-07-2019,2230,2238.5,2207.25,2213.449951,2036.457764,2165362
08-06-2019,2232.800049,2251.949951,2211.449951,2214.899902,2037.79248,2885467
08-05-2019,2199.899902,2252.25,2195.600098,2248.600098,2068.797607,3039682
08-02-2019,2173,2210,2165.5,2205.300049,2028.959595,2500816
08-01-2019,2200,2217.5,2166.25,2180.050049,2005.728394,2375236
7/31/2019,2171.75,2211.699951,2147.149902,2205.699951,2029.327515,3000677
7/30/2019,2130,2185,2120.449951,2179.149902,2004.900269,2851672
7/29/2019,2110.800049,2142,2103.300049,2130,1959.680542,1647090
7/26/2019,2129.800049,2129.800049,2095,2109.050049,1940.405884,1720592
7/25/2019,2108.899902,2135,2092.550049,2127.899902,1957.748413,2544464
7/24/2019,2110,2120.800049,2076.5,2096.800049,1929.135498,2413196
7/23/2019,2127.899902,2130,2102.399902,2112.449951,1943.53418,3538588
7/22/2019,2077,2117.449951,2068.800049,2109.899902,1941.187866,1920167
7/19/2019,2077,2097,2062.5,2076.949951,1910.872925,1953177
7/18/2019,2116.199951,2116.199951,2060,2065.949951,1900.752197,3072096
7/17/2019,2108,2125,2092.100098,2117.25,1947.950195,1802969
7/16/2019,2126,2132.5,2100,2106,1937.599976,2735399
7/15/2019,2125,2153.600098,2098,2145.699951,1969.525024,2900415
07-12-2019,2102.100098,2119.75,2093.100098,2107.600098,1934.553345,1560725
07-11-2019,2128,2129,2086.050049,2102.550049,1929.917847,2400346
07-10-2019,2080,2127.850098,2071.300049,2108.199951,1935.104004,6343581
07-09-2019,2174,2174.399902,2104.550049,2133.350098,1958.189209,3977224
07-08-2019,2149,2188.800049,2132.100098,2175.399902,1996.786987,2788062
07-05-2019,2247,2250,2140,2163.100098,1985.496582,4088470
07-04-2019,2234,2252,2230.100098,2242.649902,2058.514893,984140
07-03-2019,2252.199951,2258.800049,2232,2237.649902,2053.926025,1656881
07-02-2019,2244.899902,2257,2216.449951,2252.100098,2067.188965,1771746
07-01-2019,2235,2255,2206.600098,2239.550049,2055.669434,2769940
6/28/2019,2260,2261.949951,2222.5,2227.199951,2044.333252,2372928
6/27/2019,2255,2264,2241.300049,2252.550049,2067.601807,2813464
6/26/2019,2265,2266.800049,2250,2254.199951,2069.116699,1762224
6/25/2019,2270,2274.449951,2250.5,2267.800049,2081.600098,1386077
6/24/2019,2254.149902,2280,2250.800049,2275.5,2088.667725,1382424
6/21/2019,2285,2292.5,2242,2249.850098,2065.124023,3871804
6/20/2019,2230,2284,2212,2277.949951,2090.916748,2199377
6/19/2019,2255,2276,2243.149902,2259.899902,2074.348389,1652817
6/18/2019,2244,2260,2231.199951,2250.850098,2066.04126,1877447
6/17/2019,2256,2262,2241.449951,2249.199951,2064.5271,1489497
6/14/2019,2257.25,2263.100098,2234,2254.5,2069.39209,2131408
6/13/2019,2264,2285,2243.050049,2254.100098,2069.024414,3320916
06-12-2019,2245,2266.899902,2219,2260.899902,2075.267334,2404448
06-11-2019,2237,2263.949951,2231,2252.800049,2067.831055,3048937
06-10-2019,2196.699951,2235.850098,2185.5,2231.5,2048.280762,2080593
06-07-2019,2174,2189.800049,2142.100098,2181.75,2002.614746,2659446
06-06-2019,2199,2199,2152,2166.100098,1988.250244,3735467
06-04-2019,2224,2224,2175,2183.100098,2003.854614,2408658
06-03-2019,2201,2247.649902,2185.649902,2242.300049,2041.671753,3682419
5/31/2019,2160,2204.949951,2152.25,2196.550049,2000.015259,4265370
5/30/2019,2123,2156.550049,2114.399902,2146.300049,1954.26123,4971725
5/29/2019,2080,2123.699951,2077.100098,2107.550049,1918.978149,3281320
5/28/2019,2060,2097.5,2045,2073.75,1888.202515,5872979
5/27/2019,2054.800049,2068.949951,2040.099976,2055.149902,1871.266357,2329820
5/24/2019,2070,2070,2032.25,2048,1864.756226,2274208
5/23/2019,2098,2115.350098,2050,2054.050049,1870.265259,2541294
5/22/2019,2110,2121.949951,2075,2081.75,1895.486938,2595795
5/21/2019,2148.050049,2148.699951,2102.550049,2109.75,1920.981689,1863157
5/20/2019,2125,2151.399902,2050,2143.949951,1952.121338,2625116
5/17/2019,2112.600098,2135,2090,2095.449951,1907.960815,1947908
5/16/2019,2096,2124,2077.050049,2108.75,1920.070679,1946529
5/15/2019,2097,2124,2084.5,2095.399902,1907.915283,2346876
5/14/2019,2135,2159.800049,2072.350098,2092.350098,1905.13855,2456110
5/13/2019,2133,2167,2121.649902,2128.75,1938.28125,1701744
05-10-2019,2175,2192,2125.850098,2135.800049,1944.700684,2039633
05-09-2019,2145,2184.100098,2136.100098,2172.550049,1978.162598,2264162
05-08-2019,2151,2168,2130.399902,2152.850098,1960.224854,1824895
05-07-2019,2160.050049,2184.350098,2138.800049,2151.949951,1959.405518,2201698
05-06-2019,2110,2165,2108.5,2157.850098,1964.777588,2891422
05-03-2019,2185,2186.050049,2125,2132,1941.240356,3780886
05-02-2019,2255,2259.399902,2211.100098,2215.399902,2017.178589,2457699
4/30/2019,2238.550049,2266.949951,2230.100098,2260.350098,2058.106689,3488395
4/26/2019,2203,2243.949951,2193.149902,2238.550049,2038.257202,2716958
4/25/2019,2175,2205,2168.050049,2195,1998.604126,4211526
4/24/2019,2158,2195,2156.100098,2183.449951,1988.087158,3003071
4/23/2019,2163,2165.5,2134.050049,2155.050049,1962.228516,2163524
4/22/2019,2148,2176,2145.600098,2161.449951,1968.055298,2007135
4/18/2019,2149.899902,2155,2114.199951,2150.050049,1957.675415,3413728
4/16/2019,2120,2155.949951,2115.550049,2131.800049,1941.058594,5771952
4/15/2019,2070,2119.800049,2041,2113.300049,1924.213745,9189201
04-12-2019,2038,2039,2007,2014.5,1834.253662,3198471
04-11-2019,2045,2055,2013.650024,2019.5,1838.806641,3422442
04-10-2019,2083,2085.5,2036,2040.25,1857.699829,3313062
04-09-2019,2070,2098,2057.649902,2091.5,1904.364136,2690970
04-08-2019,2059,2075,2032.699951,2070.75,1885.470947,2194294
04-05-2019,2028.650024,2054.399902,2018.800049,2048.300049,1865.029419,3152103
04-04-2019,2078.149902,2079.699951,2007.400024,2014.5,1834.253662,4397518
04-03-2019,2085,2089.600098,2058.100098,2079.300049,1893.255981,2939886
04-02-2019,2037.099976,2086,2037,2079.300049,1893.255981,3719663
04-01-2019,2010,2039.949951,2008.25,2031.650024,1849.869873,2095740
3/28/2019,1980,2014.599976,1972.800049,2000.300049,1821.324463,4054489
3/27/2019,1994,1998,1961,1967.900024,1791.823364,2266166
3/26/2019,1984,1994.949951,1958.050049,1982.650024,1805.25354,2316539
3/25/2019,2007.800049,2007.800049,1977.199951,1984.25,1806.710571,2429205
3/22/2019,2015,2016,1983.300049,2005.650024,1826.195679,3148149
3/20/2019,2028,2044.800049,2000,2015.050049,1834.754639,3091165
3/19/2019,2030,2030,1995.099976,2022.800049,1841.810913,2373993
3/18/2019,2043,2064.600098,2011,2022.800049,1841.810913,2349915
3/15/2019,1998.900024,2068.949951,1991,2039.949951,1857.426392,5184318
3/14/2019,2004.949951,2007.800049,1981,1987.400024,1809.578979,1905495
3/13/2019,2013,2015.900024,1978.599976,2000.5,1821.506348,1833163
03-12-2019,2014.050049,2024.800049,2003,2012.449951,1832.387207,2658550
03-11-2019,2028.900024,2033,2003.650024,2014.800049,1834.5271,3111689
03-08-2019,2025,2033,2010.050049,2022.699951,1841.720215,2031071
03-07-2019,2005,2024.050049,2000.199951,2013.300049,1833.161255,2539884
03-06-2019,1989.300049,2015,1985.050049,1999.599976,1820.686768,2635047
03-05-2019,2005,2007,1976.599976,1988.099976,1810.216064,2449622
03-01-2019,1995.050049,2005,1980.349976,1995.400024,1816.862671,4148548
2/28/2019,2060,2071.350098,1977.599976,1983.449951,1805.981934,8454295
2/27/2019,2040,2074.949951,2022,2058.100098,1873.952637,4732082
2/26/2019,1984,2045.150024,1972.25,2038.699951,1856.288452,6453309
2/25/2019,1932.5,1990,1930.5,1985.150024,1807.529785,2934880
2/22/2019,1917.199951,1930,1905.099976,1925.650024,1753.353638,2271955
2/21/2019,1914.75,1940,1897.050049,1914.199951,1742.928101,4683919
2/20/2019,1915,1933.800049,1881.300049,1914.75,1743.428955,4645778
2/19/2019,1970,1971,1892,1904.800049,1734.369263,4408554
2/18/2019,2037.599976,2041.949951,1962.650024,1970.300049,1794.008789,2942184
2/15/2019,2049,2052,2010.949951,2029.699951,1848.09375,1930065
2/14/2019,2060.050049,2075,2033.050049,2044.599976,1861.660645,1724085
02-12-2019,2070,2070,2018,2051.600098,1868.034424,2422903
02-11-2019,2060,2096,2048.899902,2065.899902,1881.054688,1778730
02-08-2019,2075,2089.5,2051,2061.399902,1876.957397,1684474
02-07-2019,2074.75,2097.949951,2067,2082.899902,1896.533691,1339945
02-06-2019,2049.899902,2086.850098,2041.050049,2074.800049,1889.158691,1789812
02-05-2019,2050,2055,2028,2044.550049,1861.615479,1111404
02-04-2019,2029.949951,2055.449951,2023,2050.25,1866.805054,1590764
02-01-2019,2009.5,2034.75,1998.099976,2029.949951,1848.321533,3064163
1/31/2019,1987,2019.75,1985,2014.099976,1833.889526,4094319
1/30/2019,1979.599976,1989.5,1954.650024,1981.400024,1804.115479,2429575
1/29/2019,1962,1989.050049,1936.650024,1982.75,1805.344482,2557626
1/28/2019,1933,1962,1925.5,1955,1780.077515,2769033
1/25/2019,1902,1935,1901,1920.800049,1748.937866,2327080
1/24/2019,1884.800049,1905.25,1875,1901.550049,1731.409912,1962927
1/23/2019,1901,1906.099976,1870,1875.599976,1707.78186,2578169
1/22/2019,1907.099976,1918.25,1890,1901.900024,1731.72876,2457093
1/21/2019,1902,1932,1895.449951,1908.699951,1737.919922,2409803
1/18/2019,1881,1904.199951,1876,1900.650024,1730.590698,1683728
1/17/2019,1878,1898,1871.300049,1894.300049,1724.808716,2625816
1/16/2019,1870,1875,1847,1870.150024,1699.177612,2359280
1/15/2019,1810,1869.349976,1808,1867.800049,1697.042358,7711653
1/14/2019,1850,1851,1810,1813.25,1647.47937,3615370
01-11-2019,1870,1875,1835,1842.550049,1674.100708,9209862
01-10-2019,1890,1905,1872.099976,1888.550049,1715.895386,3053461
01-09-2019,1907.400024,1919,1866.699951,1886.949951,1714.441528,2414376
01-08-2019,1905.400024,1906.400024,1883.300049,1893.550049,1720.43811,1691756
01-07-2019,1891.800049,1908.800049,1881,1897.900024,1724.390625,1856423
01-04-2019,1900,1901.199951,1841,1876.849976,1705.264648,4280862
01-03-2019,1919,1944.949951,1893.099976,1899.949951,1726.252808,2611668
01-02-2019,1905,1934.449951,1900,1923.300049,1747.468262,2100463
01-01-2019,1896,1910,1885,1902.800049,1728.842651,1094883
12/31/2018,1908,1909,1886.150024,1893.050049,1719.983887,1879740
12/28/2018,1915,1920,1893,1896.050049,1722.709595,2239130
12/27/2018,1909,1941.699951,1872.099976,1908.949951,1734.430176,4968201
12/26/2018,1921.800049,1921.800049,1870.25,1889.199951,1716.485596,2446614
12/24/2018,1905.800049,1938.900024,1905,1918.5,1743.107544,1864116
12/21/2018,1948,1950,1886.550049,1895.800049,1722.482422,3729956
12/20/2018,1953.800049,1974.900024,1946,1954.050049,1775.407227,1940277
12/19/2018,1984.800049,1984.800049,1960.050049,1968.449951,1788.490479,2498833
12/18/2018,1991.900024,2002,1976.400024,1987.849976,1806.116943,1768742
12/17/2018,1999,2004.900024,1985,1994.300049,1811.977417,1227921
12/14/2018,1983,1998.949951,1975.25,1989.75,1807.843262,2473761
12/13/2018,2024,2029.699951,1974.5,1982.599976,1801.346802,3748429
12-12-2018,2001.099976,2022,1984.949951,2016.800049,1832.42041,2219993
12-11-2018,1970,2010,1961,2000,1817.15625,2942014
12-10-2018,1975,2011,1960,1975.800049,1795.168701,2010786
12-07-2018,1985.050049,2003.900024,1973,1995.199951,1812.794922,1680420
12-06-2018,1998,2017,1979.599976,1992.699951,1810.52356,2321216
12-05-2018,2006,2018,1985,2006.75,1823.289185,2501539
12-04-2018,1983,2019.400024,1971,2010.849976,1827.01416,3270615
12-03-2018,1984,1990,1968.300049,1982.400024,1801.165161,1610576
11/30/2018,1966,1991,1959.849976,1968.25,1788.309204,5268901
11/29/2018,1997,1997,1942.550049,1960.550049,1781.312744,4035441
11/28/2018,1889,1989,1882.5,1983.900024,1802.52832,5313249
11/27/2018,1854,1897.900024,1835.349976,1890.25,1717.439697,3344839
11/26/2018,1819,1860,1784.5,1846.099976,1677.326172,4333177
11/22/2018,1820,1847.599976,1809.949951,1812.550049,1646.843384,3194219
11/21/2018,1871,1871.050049,1798.550049,1812,1646.343628,3840461
11/20/2018,1902,1902,1874.199951,1878.25,1706.536743,1190182
11/19/2018,1899,1907.349976,1864.300049,1902.449951,1728.524536,1740628
11/16/2018,1889,1899.800049,1870.25,1886.599976,1714.123413,1829729
11/15/2018,1864,1899,1857.599976,1872.849976,1701.630493,1829123
11/14/2018,1925,1929.900024,1870,1880.650024,1708.717407,2422318
11/13/2018,1915,1939,1903,1934.949951,1758.053345,1418432
11-12-2018,1908.5,1946.099976,1908.5,1914.849976,1739.790771,2552008
11-09-2018,1961,1961.949951,1905,1909.199951,1734.657349,2570479
11-07-2018,1940,1949,1937,1942.150024,1764.594849,144530
11-06-2018,1894,1937.5,1891,1932.699951,1756.009277,1398710
11-05-2018,1910,1927.349976,1884.75,1890.849976,1717.984985,1713366
11-02-2018,1934.199951,1954.599976,1905,1913.449951,1738.518799,1818635
11-01-2018,1943.650024,1944.349976,1901.300049,1935.75,1758.780029,2769759
10/31/2018,1900,1943.900024,1875.449951,1938.150024,1760.960815,2769190
10/30/2018,1867,1909.400024,1845,1894.800049,1721.573975,2404883
10/29/2018,1808.699951,1877.949951,1784.349976,1871,1699.949585,2609483
10/26/2018,1853.900024,1853.900024,1791.099976,1799.099976,1634.622925,2285970
10/25/2018,1844,1876.900024,1825.050049,1853,1683.595215,2507233
10/24/2018,1852.050049,1874,1811.099976,1848.5,1679.506714,2735913
10/23/2018,1888,1898,1837,1843.650024,1675.100098,2752811
10/22/2018,1914,1916,1886.949951,1903,1725.389648,1778496
10/19/2018,1929,1929,1870.050049,1913.199951,1734.637939,3428776
10/17/2018,1970,1989,1920,1929.400024,1749.325684,2779207
10/16/2018,1958,1971.900024,1935,1962.300049,1779.155273,2815425
10/15/2018,1940,1955.550049,1920,1949.5,1767.549805,2638151
10-12-2018,1978,1978,1903,1918.300049,1739.261841,9373289
10-11-2018,1985,2013,1941,1979.949951,1795.158081,4700256
10-10-2018,2100,2105.949951,2029,2043.599976,1852.867554,2749573
10-09-2018,2080.350098,2107.649902,2053.199951,2091.800049,1896.56897,1867130
10-08-2018,2102.649902,2122.199951,2048.149902,2077.550049,1883.648926,2010154
10-05-2018,2050,2120,2020.900024,2102.649902,1906.405884,3417624
10-04-2018,2156.600098,2156.649902,2056.350098,2064.800049,1872.088989,4762419
10-03-2018,2250.300049,2255,2155.600098,2162.850098,1960.987549,3902322
10-01-2018,2190.899902,2275.949951,2190.350098,2255.550049,2045.036743,3772208
9/28/2018,2178,2190,2158.850098,2183.699951,1979.891235,2904371
9/27/2018,2141.899902,2209.699951,2135.800049,2188.850098,1984.561279,3311802
9/26/2018,2187,2199,2135.100098,2142.149902,1942.21936,1970951
9/25/2018,2204.899902,2211.899902,2153.800049,2183.199951,1979.438599,2868778
9/24/2018,2115,2210.5,2098.149902,2198.449951,1993.264771,3032226
9/21/2018,2077,2121,2050.149902,2103.149902,1906.859253,4508530
9/19/2018,2071.899902,2089,2066.850098,2077.899902,1883.966064,1301268
9/18/2018,2073,2078.800049,2057.600098,2070.75,1877.483398,1456507
9/17/2018,2070,2077.800049,2054.550049,2074.149902,1880.566162,1033857
9/14/2018,2044,2071.550049,2018.150024,2065.399902,1872.632935,3642038
09-12-2018,2052.350098,2068.899902,2040,2043.949951,1853.184692,2307661
09-11-2018,2089,2089,2042.199951,2046.25,1855.270142,3679745
09-10-2018,2084.399902,2093.399902,2074.25,2080.75,1886.550171,1530539
09-07-2018,2079.300049,2084,2065.399902,2079.850098,1885.734375,1312182
09-06-2018,2075,2081.5,2060.300049,2075.300049,1881.608887,2238097
09-05-2018,2100,2107.25,2075.050049,2079.25,1885.190186,1681106
09-04-2018,2059.800049,2104.75,2056.949951,2098.899902,1903.006348,4420803
09-03-2018,2084.800049,2090,2048.399902,2052.899902,1861.299561,1439711
8/31/2018,2082.300049,2092,2074,2078.399902,1884.419189,2504554
8/30/2018,2068,2085,2065.5,2082.399902,1888.046143,2408020
8/29/2018,2072.5,2076.600098,2045.599976,2072,1878.616577,1525867
8/28/2018,2055,2072,2052,2069.199951,1876.078003,1987983
8/27/2018,2043,2059,2035,2050.899902,1859.486084,1532702
8/24/2018,2035.099976,2046,2031,2043,1852.323364,1570533
8/23/2018,2022.800049,2038,2020.300049,2035.099976,1845.160767,3046791
8/21/2018,2010.150024,2024,2004,2017.650024,1829.339478,1376866
8/20/2018,2024,2024,2003.699951,2009.949951,1822.35791,1587032
8/17/2018,2013.849976,2021.900024,2004,2012.75,1824.896973,1213731
8/16/2018,2000.300049,2020.050049,1995,2008.5,1821.043213,2152065
8/14/2018,1992,2024.599976,1982.400024,2003.550049,1816.555298,3311765
8/13/2018,1997.800049,2004.25,1990,2000.150024,1813.472778,3559575
08-10-2018,1980.949951,1996.5,1972.050049,1993.099976,1807.080688,2784105
08-09-2018,1980,1980.800049,1966,1974.349976,1790.080811,2060297
08-08-2018,1972,1978.300049,1962,1974,1789.763184,1315062
08-07-2018,1978.199951,1979.150024,1960.5,1967.349976,1783.734009,1353521
08-06-2018,1997,1998.949951,1972.25,1975.550049,1791.168701,1532249
08-03-2018,1956.5,1982.050049,1956.5,1979.449951,1794.704468,1505131
08-02-2018,1980,1985,1945,1948.400024,1766.552734,1509287
08-01-2018,1949.949951,1981.550049,1949.800049,1976.5,1792.030029,2425180
7/31/2018,1942,1947,1928,1940.199951,1759.117676,2204803
7/30/2018,1943,1954.699951,1931.550049,1944.599976,1763.107178,1579251
7/27/2018,1960.849976,1964.650024,1940.300049,1943.75,1762.336548,2033977
7/26/2018,1974.949951,1985,1955.099976,1964.699951,1781.331421,3503036
7/25/2018,2001.900024,2002,1968.400024,1981.5,1796.563354,1535492
7/24/2018,2015,2015,1984.150024,1999,1812.430054,2038423
7/23/2018,2001,2009.949951,1986,2005.650024,1818.459351,2086201
7/20/2018,1984.900024,2000,1984,1996.599976,1810.253906,1934995
7/19/2018,2002.099976,2010.449951,1970,1981.400024,1796.472534,1746318
7/18/2018,2005,2011.699951,1993.050049,2000.25,1813.563477,2013869
7/17/2018,1989,2009,1981,2002.150024,1815.285767,3315492
7/16/2018,1990,1996,1977.449951,1989.199951,1799.917969,2582159
7/13/2018,1975,1997.900024,1974,1981.099976,1792.588379,4148185
07-12-2018,1984,1990.900024,1960.5,1971.349976,1783.766602,6921701
07-11-2018,1900,1998,1894.150024,1979.900024,1791.502686,22903802
07-10-2018,1898,1898.900024,1870.75,1875.099976,1696.675293,5303302
07-09-2018,1924,1924.400024,1876.5,1883,1703.823364,6151747
07-06-2018,1882.849976,1921,1881.650024,1912.949951,1730.923584,3713781
07-05-2018,1873,1887.5,1862.099976,1880.300049,1701.380371,2472571
07-04-2018,1879.900024,1879.900024,1857.150024,1866.150024,1688.57666,2700614
07-03-2018,1859.949951,1879.900024,1857.050049,1874.050049,1695.725342,3242233
07-02-2018,1852,1857.800049,1841.099976,1851.349976,1675.185181,2650290
6/29/2018,1844.900024,1867.400024,1842.300049,1847.75,1671.927734,3506276
6/28/2018,1865,1871,1826.300049,1842.699951,1667.35791,4888125
6/27/2018,1860,1885.150024,1851.25,1858,1681.202271,4081208
6/26/2018,1823,1861,1821,1852,1675.773071,4679712
6/25/2018,1811.900024,1822.349976,1806,1819.25,1646.139526,2083217
6/22/2018,1827,1827,1799.550049,1809.800049,1637.588745,2949458
6/21/2018,1832,1832,1817.599976,1819.349976,1646.230103,2910659
6/20/2018,1832,1836.300049,1818.599976,1822.449951,1649.034912,3107695
6/19/2018,1822.150024,1839,1821,1824.5,1650.889893,3245034
6/18/2018,1867.949951,1867.949951,1822.150024,1829,1654.96167,4674987
6/15/2018,1800,1847.099976,1788.599976,1840.050049,1664.960449,9183574
6/14/2018,1830,1832.300049,1784,1787.550049,1617.455933,3819998
6/13/2018,1816,1831.650024,1798,1824.099976,1650.527832,5370983
06-12-2018,1757,1785,1753,1781,1611.529175,4608875
06-11-2018,1747.099976,1763,1743,1749.699951,1583.207642,2179378
06-08-2018,1735,1757.300049,1735,1747.099976,1580.854736,2582138
06-07-2018,1725,1749,1723.800049,1735.550049,1570.404053,2414762
06-06-2018,1723,1734.900024,1715.199951,1725.75,1561.536133,2236512
06-05-2018,1744,1751.900024,1711.150024,1721.599976,1557.78125,2449568
06-04-2018,1745,1749,1712.599976,1744.25,1578.276123,1681483
06-01-2018,1754,1757.5,1716.300049,1732.449951,1567.598755,1603856
5/31/2018,1734,1759.050049,1726.099976,1741.050049,1575.380493,5049371
5/30/2018,1754.525024,1766.5,1741.25,1757.050049,1576.737915,3779106
5/29/2018,1764.949951,1772,1744,1761.75,1580.955566,3525312
5/28/2018,1808.25,1808.25,1743,1751.025024,1571.331421,3716798
5/25/2018,1812.5,1837.400024,1786.275024,1792.900024,1608.908813,3769772
5/24/2018,1755,1807.5,1751.175049,1801.849976,1616.940186,2962316
5/23/2018,1762.5,1772.5,1740.5,1747.550049,1568.213013,1507298
5/22/2018,1779,1787.474976,1746.849976,1754.449951,1574.404907,1857416
5/21/2018,1764.349976,1796,1759.025024,1778.375,1595.874512,3446178
5/18/2018,1740.400024,1758.849976,1729,1751.025024,1571.331421,1874996
5/17/2018,1756.474976,1766.574951,1738,1745.900024,1566.732056,2968048
5/16/2018,1739.974976,1754.5,1737.625,1746.949951,1567.674194,1648450
5/15/2018,1725,1747.900024,1716.849976,1741.199951,1562.514648,1952890
5/14/2018,1728.5,1735.5,1705.400024,1716.775024,1540.596191,2433894
05-11-2018,1727.099976,1742.5,1721.25,1728.474976,1551.095337,2627876
05-10-2018,1751.474976,1755.574951,1720.099976,1725.625,1548.537476,3858678
05-09-2018,1720.099976,1747.375,1720.099976,1744.650024,1565.610352,2615050
05-08-2018,1717.349976,1743.25,1698.349976,1720.599976,1544.028687,2992820
05-07-2018,1745,1745,1705.449951,1710.474976,1534.942505,3484426
05-04-2018,1746,1748.5,1735,1740.375,1561.774292,2347244
05-03-2018,1754.900024,1763,1735.199951,1740.925049,1562.2677,3761550
05-02-2018,1765.25,1766.099976,1735.650024,1749.875,1570.299438,3158046
4/30/2018,1725.974976,1774.5,1718.800049,1766.050049,1584.814453,3458558
4/27/2018,1762.5,1772,1710,1725.974976,1548.851807,4501330
4/26/2018,1733.5,1780,1733.5,1769.625,1588.022461,12135034
4/25/2018,1692.5,1741.5,1682.525024,1735.125,1557.063354,8196574
4/24/2018,1705,1721.574951,1671.25,1692.824951,1519.103638,8314336
4/23/2018,1712,1778.949951,1694.775024,1704.324951,1529.423828,15185910
4/20/2018,1625,1711.175049,1620,1701.224976,1526.641479,18465662
4/19/2018,1589.949951,1608.599976,1582.875,1595.574951,1431.833374,4820952
4/18/2018,1583,1596.724976,1572.925049,1579.550049,1417.453369,2433066
4/17/2018,1593.824951,1597.474976,1573.599976,1583.300049,1420.818726,3301724
4/16/2018,1558,1599.974976,1555.375,1593.824951,1430.263428,6270274
4/13/2018,1575,1620.400024,1566.050049,1576.650024,1414.850952,8179118
04-12-2018,1505,1575,1503.974976,1569.625,1408.546997,6114360
04-11-2018,1475.300049,1512.5,1472.800049,1507.074951,1352.415894,3124416
04-10-2018,1462.849976,1478.625,1462.849976,1468.800049,1318.068726,1184532
04-09-2018,1469.849976,1481.75,1457.5,1461.949951,1311.921753,1235866
04-06-2018,1477,1480,1463.275024,1475.150024,1323.767212,1129018
04-05-2018,1463.275024,1481.875,1460.175049,1478.974976,1327.199585,1809424
04-04-2018,1464.724976,1467,1446,1455.449951,1306.088623,2841820
04-03-2018,1446.050049,1464.949951,1446.050049,1455.625,1306.24585,1937290
04-02-2018,1420,1457,1420,1454.824951,1305.527588,1662988
3/28/2018,1417.949951,1437.5,1412.5,1424.574951,1278.381836,6865654
3/27/2018,1412.5,1431.5,1411.525024,1423.849976,1277.731567,2494574
3/26/2018,1409.5,1413.699951,1390.775024,1408.5,1263.956909,2964210
3/23/2018,1401,1417.050049,1399.025024,1409.074951,1264.4729,3654122
3/22/2018,1429.974976,1437.974976,1411.275024,1415.675049,1270.395264,2326094
3/21/2018,1436.25,1442.150024,1425,1428.375,1281.79248,3907678
3/20/2018,1410,1436.599976,1409.5,1432.425049,1285.426758,4024984
3/19/2018,1414.5,1424,1410,1415.5,1270.238403,3489940
3/16/2018,1434.400024,1436,1402.5,1412.849976,1267.860352,7197482
3/15/2018,1447.5,1451.275024,1427.800049,1434.849976,1287.602783,2348906
3/14/2018,1446.474976,1461.525024,1437.525024,1443.449951,1295.32019,3668668
3/13/2018,1462.449951,1469.849976,1436,1443.400024,1295.275391,88067154
03-12-2018,1521.5,1541.949951,1517.75,1526.074951,1369.46582,2091340
03-09-2018,1502.5,1531.599976,1488.599976,1517.050049,1361.367554,1872436
